sku,name,image_filenames,number_of_photos
P56/1272A,Agenda com Prata e Pele,P561272A-8X5-13X17-AGENDA-9239-P571272A-8X7-13X17-9299-C-BLOCO.png,1
P2091,Agenda de Pele com Prata,P2091-17X13-Agenda-c.bloco-21E-237x300.png | P2091-17X13-Agenda-c.bloco--150x150.png,2
B2686DRO,Álbum,B2686DRO.png,1
B2684DAZ,Álbum,B2684DAZ.png,1
A6081/20,Álbum Batismo,A6081-20-ALB.jpg,1
A6031/20,Álbum Batismo,A6031-20 ALBUM BATISMO.png,1
AE6530,Álbum Casamento,AE6530_50.jpg,1
B16/9037,Álbum Casamento Pele Casamento,B16-9037.jpg,1
B16/9034,Álbum Casamento Pele Castanha,B16-9034.jpg,1
B16/9027,Álbum Casamento Pele Castanha Com Alianças,B16-9027.jpg,1
A7031/20,Álbum Comunhão,A7031-20 ALB COMUNHÃO.png,1
B2057ALB,Álbum Comunhão Capa de Linho,B2057ALB.png,1
B2135ALBL,Álbum Comunhão Capa de Linho,B2135ALBL.jpg,1
B2233ALB,Álbum Comunhão Capa de Linho,B2233ALB.png,1
B264/2ALB,Álbum Comunhão Capa de Linho,B264-2ALB.png,1
A273/5B,Álbum Criança,A273-5B-20X25-92991.jpg | A273-5B.png,2
A271/5RO,Álbum Criança,A271-5RO-20X25.jpg | A271-5RO-20X25-Photoroom.jpg | A271-5RO-20X25-SF-Photoroom.jpg | A271-5RO.jpg,4
A272/5B,Álbum Criança,A272-5B-20X25.jpg | A272-5B.jpg,2
A271/5AZ,Álbum Criança,A271-5AZ-20X25-Photoroomite.jpg,1
A274/5B,Álbum Criança,A274-5B-20X25.jpg,1
A271/5B,Álbum Criança,A271-5B-20X25.jpg | A271-5B-20X25-1hotoroom.jpg | A271-5B - 20X25.png | A271-5B.jpg,4
A148/5,Álbum de Casamento em Pele,A148-5-25-20X25.jpg | A148-5-00-20X25.jpg | A148-5-50-20X25.jpg | A148_5-25.png | A148_5-00.jpg | A148_5-50.png,6
P58/1210R,Álbum de Criança em Prata,P581210R-B-20X15-9249.png,1
P58/1200B,Álbum de Criança em Prata,P581200B-R20X15-9249-URSO.png,1
P58/1220B,Álbum de Criança em Prata,P581220B-R-20X15-9249.png,1
P58/1230R,Álbum de Criança em Prata,P581230B-R-20X15-9249.png,1
B40/0086,Álbum Fotos Sapo Azul,B40-0086.jpg,1
B40/0087,Álbum Fotos Sapo Rosa,B40-0087.jpg,1
B3410,Álbum Fotos Sino,B3410DAZ ALB.jpg | B3410DRO ALB.jpg,2
B2852,Álbum Nascimento,B2852.jpg,1
B2670ALB,Álbum Nascimento,B2670ALB.png,1
B3764D,Álbum Nascimento,B2854C_B3764D.jpg,1
B3761D,Álbum Nascimento,B3761D.jpg,1
B2854C,Álbum Nascimento Capa Lisa,B2854C_B3764D.jpg,1
P2432,Álbum Prata Comunhão,P2432-20X30-Photoroom.jpg,1
P27/0007,Álbum Prata Comunhão,P27-0007.png,1
P2474,Álbum Prata Comunhão,ALBUM P2474-20X25 - 90409.png,1
PAL1906,Alfinete Borboleta Esmalte,PAL1906-4X3-1.jpg,1
PAL2151,Alfinete Borboleta Esmalte,PAL2151-65x35-1.jpg,1
PAL2124,Alfinete Borboleta Esmalte,PAL2124-45X55-.jpg,1
PAL1947,Alfinete Borboleta Esmalte,PAL1947-2x2-.jpg,1
PAL1910,Alfinete Borboleta Esmalte,PAL1910-3X25-1.jpg,1
PAL1892,Alfinete Borboleta Esmalte,PAL1892-55X35-1.jpg,1
PAL1894,Alfinete Borboleta Esmalte,PAL1894-6X45-COR-2-1.jpg,1
PAL2154,Alfinete Borboleta Esmalte,PAL2154-6x6-1.jpg,1
PAL2131,Alfinete Borboleta Esmalte,PAL2131-4X75.jpg,1
PAL1914,Alfinete Borboleta Esmalte,PAL1914-35X2-1.jpg,1
PAL2151-1,Alfinete Borboleta Esmalte,PAL2151-65x35-1.jpg,1
PAL1926,Alfinete Esmalte,PAL1926-25X25.jpg,1
A1463MO,Anjo,"A1463MO -8,5XH6,5 ANJO.jpg",1
A1467MO,Anjo,A1467MO-9X10.5h.jpg,1
A1465MO,Anjo,A1465MO-9X10.5h.jpg,1
A1823MO,Anjo,A1823MO 7X13.5 ANJO SINO.png,1
A1461MO,Anjo,"A1461MO -8,5XH6,5 ANJO.jpg",1
A1466MO,Anjo,A1466MO-9X10.5h.jpg,1
A1821MO,Anjo,A1821MO 7X13.5 ANJO ESTRELA.jpg,1
A1462MO,Anjo,"A1462MO -8,5XH6,5 ANJO.jpg",1
A1824MO,Anjo,A1824MO 7X13.5 ANJO REZAjpg.jpg,1
A1822MO,Anjo,A1822MO 7X13.5cmANJO CORAÇÃO.jpg,1
BA23M,Anjo da Guarda,BA23M ANJO H10.5cm.jpg | BA23M.jpg,2
BA20M,Anjo da Guarda,BA20M ANJO H10.5cm.jpg | BA20M.jpg,2
BA1639M,Anjo da Guarda,BA1639M-8.5X7 ANJO.jpg | BA1639M.png,2
BA21M,Anjo da Guarda,BA21M ANJO H10.5cm.jpg | BA21M.jpg,2
BA1636M,Anjo da Guarda,BA1636M.png,1
BA25M,Anjo da Guarda,BA25M ANJO H21cm.jpg | BA25M.jpg,2
BA24M,Anjo da Guarda,BA24M.jpg,1
BA1833,Anjo da Sorte,BA1833-03.jpg | BA1833-02.jpg | BA1833-06.jpg | BA1833-07.jpg,4
BN132/E,Anjo Iluminado,BN132-E.png | BN132-E - 9X7 ANJO ESTRELA .jpg,2
BN113MS,Anjo Iluminado,BN113MS-9X7 ANJO.jpg | BN113MS.png,2
BA16M,Anjo Iluminado,BA16M -H.11cm.png | BA16M.png,2
BN071MS,Anjo Iluminado,BN071MS-7X6 ANJO.jpg | BN071MS.png,2
BA2080,Anjo Novidade,BA2080-08 H.13cm.jpg | BA2080-06 H.13cm.jpg | BA2080-01 H.9cm.jpg | BA2080-01 H.9cmR.jpg | BA2080-02 H.9cm.jpg | BA2080-03 H.9cm.jpg | BA2080-06 H.13cmR.jpg | BA2080-07 H.13cm.jpg | BA2080-08 H.13cmL.jpg,9
BA2155,Anjo Protetor,BA2155-02.jpg | BA2155-08 Alt.8.png | BA2155-06 Alt.8.png | BA2155-03 ANJO.jpg | BA2155-01 ANJO.jpg | BA2155_expositor.jpg | BA2155_caixa.jpg | BA2155-04.jpg | BA2155-07.jpg | BA2155-05.jpg,10
PARG01G,Argola Guardanapo Adulto Prata,PARG01G-angle.png | PARG01G.png,2
PAR001L,Argola Guardanapo Criança Prata,PAR001L.png,1
P2071,Argola Guardanapo Criança Prata,PAR001-1.png,1
PAR001-1,Argola Guardanapo Prata,P2071.png,1
P17/3096,Bandeja de Cristal para Aperitivos em Prata,P173096-36X20-94859.png,1
P17/3097,Bandeja de Cristal para Aperitivos em Prata,P173097-36X20-9369.png,1
P17/3094,Bandeja de Cristal para Aperitivos em Prata,P173094-37X20-94659.png,1
P17/3095,Bandeja de Cristal para Aperitivos em Prata,P173095-37X20-9499.png,1
P1673,Base para Garrafa e Copos em Prata,P1673-Diam.10cm-75E.png,1
P4007/C,Base para Garrafa em Prata,P4007C-Diam.10cm-102E.png,1
P04007,Base para Garrafa em Prata,P04007-Diam.11cm-115E.png,1
PBER001-2,Berloque Anjo Prata,PBER001-2.png,1
PBER001-1,Berloque Anjo Prata,PBER001-1.png,1
PR004J,Berloque Anjo Prata,PR004J-Photoroom.png | PR004J.png,2
PR010,Berloque Anjo Prata,PR010.png,1
BA540M,Bibelot Águia,BA540M.jpg,1
BN180,Bibelot Alcachofra,BN180.jpg,1
BN181,Bibelot Alho,BN181.jpg,1
BN184,Bibelot Alho,BN184.jpg,1
R454,Bibelot Animais,R454.png | R454.jpg,2
R413,Bibelot Anjo,R413.png | R413.jpg,2
BN360,Bibelot Cão,BN360-5.png | BN360-3.png | BN360-4.png | BN360-1.jpg | BN360.jpg | BN360-2.png,6
BN111M,Bibelot Cavalo,BN111M.png,1
R471,Bibelot Cegonha,R470.png | R471.png,2
BN521,Bibelot Cesta,BN521.jpg,1
BN227,Bibelot Decoração,BN227-4.jpg | BN227-1.jpg | BN227-6.jpg | BN227-2.jpg,4
BN330,Bibelot Duas Maçãs,BN330.jpg,1
R425,Bibelot Elefante,R425P.png | R425.jpg,2
BN215M,Bibelot Elefante,BN215M.jpg,1
BN879,Bibelot Espiral Flor,BN879.jpg,1
BN880,Bibelot Espiral Fruta,BN880.jpg,1
B1901,Bibelot Fim de Curso,B1901-04.jpg | B1901-05.png,2
BN914MS,Bibelot Fim de Curso,BN914MS-Photoroom.jpg,1
R500,Bibelot Flores,R500.png,1
R408,Bibelot Flores,R408.png,1
BN212,Bibelot Flores,BN212.jpg,1
BN886R,Bibelot Flores,BN886R.jpg,1
BN187,Bibelot Fruta,BN187.jpg,1
BN164,Bibelot Ganso,BN164.png | BN164.jpg,2
R451,Bibelot Girassol,R451.png,1
R420,Bibelot Joaninha,R420.jpg,1
BN729,Bibelot Laranja,BN729.jpg,1
BN186,Bibelot Limão,BN186.jpg,1
BN407L,Bibelot Limão,BN407L.jpg,1
BN676,Bibelot Lobo,BN676.jpg,1
BN185,Bibelot Maçã,BN185.jpg,1
BN188,Bibelot Maçã,BN188.jpg,1
BN404S,Bibelot Maçã Amarela,BN404S.jpg,1
BN506M,Bibelot Mocho,BN506M.png,1
BN252,Bibelot Noz,BN252_noz.jpg,1
BN163,Bibelot Pato,BN163.png | BN163.jpg,2
BN190S,Bibelot Pêra,BN190S.jpg,1
BN406S,Bibelot Pêra,BN406S.jpg,1
BN553D,Bibelot Romã,BN554D.jpg,1
BN672D,Bibelot Romã,BN674.jpg,1
BN189,Bibelot Tangerina,BN189.jpg,1
BN183S,Bibelot Tomate,BN183S.jpg,1
BN703M,Bibelot Touro,BN703M.png,1
BN701M,Bibelot Touro,BN701M.png,1
B14261,Bola com Neve e Música,B14261.jpg,1
B3794SP,Bolsa e Porta-Chupeta Cegonha,B3794SPRO.jpg,1
B2362SBR,Bolsa Porta-Chupeta,B2362SBR.png,1
A766SBR,Bolsa Porta-Chupeta,A766SBR.png,1
B3994,Bolsa Porta-Chupeta,B3994SAZ.png | B3994SRO.png,2
A959SAZ,Bolsa Porta-Chupeta,"A959SAZ-SRO SACO-1.jpg | ChatGPT Image Mar 17, 2026, 12_17_14 PM.png",2
B3793S,Bolsa Porta-Chupeta Cegonha,B3793SAZ.jpg,1
B3738BR,Bolsa Porta-Chupeta Cegonha,B3738BR.jpg,1
B3733,Bolsa Porta-Chupeta Cegonha,B3733AZ.jpg,1
B3796SBR,Bolsa Porta-Chupeta Cegonha,B3796SBR.jpg,1
B3106,Bolsa Porta-Chupeta Urso e Flor,B3106SAZ.png | B3106SRO.png,2
B20225,Boneca com Cegonha,B20225.jpg,1
PB2996,Brinco com Fecho Ómega em Prata,pb2996.jpeg,1
PB1234,Brinco Prata Dourada,11.png,1
"",Brinco Prata Dourada,35.png,1
B050321,Búzio Decorativo,B050321.png,1
B22007,Caixa Bailarina Commúsica,B22007.jpg,1
B22045,Caixa Bailarina Commúsica,B22045.jpg,1
B28050TR,Caixa Bailarina Commúsica,B28050TR.jpg,1
B28075F,Caixa Bailarina Commúsica,B28075F-1-Photoroom.jpg,1
B28034F,Caixa Bailarina Commúsica e Gaveta,B28034F.jpg,1
B28032,Caixa Bailarina Commúsica e Gaveta,B28032.jpg,1
B28010,Caixa Bailarina Commúsica e Gaveta,B28010.jpg,1
B28065T,Caixa Bailarina Commúsica e Gaveta,B28065T.jpg,1
B22133L,Caixa Bailarina Commúsica e Gaveta,B22133E.jpg,1
B22155C,Caixa Bailarina Commúsica e Gaveta,B22155C.jpg,1
B28079,Caixa Bailarina Commúsica e Gaveta,B28079.jpg,1
B1597CX/50,Caixa Casamento,B1597CX50.jpg,1
B369CXL,Caixa Comunhão,B369CXL.png,1
B2233CXL,Caixa Comunhão,B2233CXL.png,1
P496F.196,Caixa de Charutos em Prata,P496F.196-26X9X22-91139.png,1
B28002A,Caixa de Música,B28002A-CX MUSICA.jpg,1
B22209,Caixa de Música,B22209.jpg,1
B28025T,Caixa de Música com Gaveta,B28025T.jpg,1
B28073,Caixa de Música com Gaveta,B28073.jpg,1
B3939/CAZ,Caixa de Música Gato,B3939-CAZ.png,1
A962AZ,Caixa do Primeiro Dente,A962AZ CX.1ºDENTE.jpg | A962AZ.jpg,2
B2932AZ,Caixa do Primeiro Dente,B2932AZ.png,1
B3618RO,Caixa do Primeiro Dente,B3618RO.jpg,1
B3658BR,Caixa do Primeiro Dente,B3658BR.png,1
B3678BR,Caixa do Primeiro Dente,B3678BR.jpg,1
B1597DCX,Caixa Madeira,B1597DCX.jpg,1
B2359CX,Caixa Madeira,B2359CX.jpg,1
B1184CX,Caixa Madeira,B1184CX.jpg,1
B6104/C,Caixa Madeira Comunhão,B6104_C-Photoroom.jpg,1
B6134/C,Caixa Madeira Comunhão,B6134_C-Photoroom.jpg,1
B6075,Caixa Madeira Comunhão com Terços,B6075.jpg,1
B6074,Caixa Madeira Comunhão com Terços,B6074.jpg,1
B2527CXT,Caixa Madeira Comunhão com Terços Menina,B2529CXT.jpg,1
B2526CXT,Caixa Madeira Comunhão com Terços Menino,B2526CXT-27CXT.jpg,1
B1635CX,Caixa Madeira Motivo Comunhão,B1635CX.jpg,1
B40/0139,Caixa Universal,"ChatGPT Image Mar 24, 2026, 11_14_58 AM.png",1
B3509RO,Candeeiro,B3509RO.jpg,1
B3508AZ,Candeeiro,B3508AZ.jpg,1
B1003,Candeeiro Criança,B1003.jpg,1
B1000,Candeeiro Criança,B1000.jpg,1
A4188,Candeeiro Criança,A4188-06A-1.jpg | A4188-02R MINI LAMPADA URSO .jpg | A4188-04R MINI LAMPADA ANJO h.10X13cm .jpg | A4188-03A.jpg | A4188-05R.jpg,5
A4199,Candeeiro Infantil,A4199-06A - 30CM.jpg | A4199-01R LAMPADA ANJO h.30cm .jpg | A4199-04A LAMPADA ANJO h.30cm .jpg | A4199-03A.jpg | A4199-02A.jpg,5
PF460G,Caneta em Prata,PF460G.png,1
AH6019,Caneta/Esferográfica,AH6019-01R.jpg | AH6019-01B.jpg | AH6019-03R.jpg | AH6019-03B.jpg | AH6019-02R.jpg | AH6019-02B.jpg,6
AH6002,Caneta/Esferográfica,AH6002-03B.jpg | AH6002-02B.jpg | AH6002-01B.jpg | AH6002-03R.jpg | AH6002-01R.jpg | AH6002-02R.jpg,6
AH6014,Caneta/Esferográfica,AH6014-02R.jpg,1
AH6001,Caneta/Esferográfica,AH6001-03B.jpg | AH6001-03R.jpg | AH6001-02R.jpg | AH6001-02B.jpg | AH6001-01R.jpg | AH6001-01B.jpg,6
AH6021,Caneta/Esferográfica,AH6021-01R.jpg | AH6021-01B.jpg | AH6021-02R.jpg | AH6021-02B.jpg | AH6021-03R.jpg | AH6021-03B.jpg,6
AH6006,Caneta/Esferográfica,AH6006-03B.jpg | AH6006-02B.jpg | AH6006-01B.jpg | AH6006-01R.jpg | AH6006-02R.jpg | AH6006-03R.jpg,6
P2280L,Caneta Prata,P2280L.png | P2280L-P2281L.png,2
P2288,Caneta Prata,P2288.png | P2288-Photoroom.jpg,2
PF470L,Caneta Prata Linhas,PF470L.png,1
BN4039AZ,Carrossel,BN4039AZ.png,1
BA4200,Carrossel,BA4200A CARROCEL 10X18 cm.jpg | BA4200R CARROCEL 10X18 cm.jpg | BA4200-02R.jpg | BA4200-02A.png,4
A4181A,Carrossel,A4181A- CARROCEL 10X18.jpg,1
A4205,Carrossel,A4205-02R CARROCEL 11X23 cm.jpg | A4205-01A CARROCEL 10X19 cm.jpg | A4205-01R CARROCEL 10X19 cm.jpg,3
BA4201,Carrossel,BA4201-01A.png | BA4201-01R.png | BA4201-02R.png | BA4201-02A.jpg,4
B10333,Centro de Mesa,B10333-Photoroom.jpg,1
B10732,Centro de Mesa,B10732- D.32cm.jpg,1
P14/4247,Centro de Mesa Prata 925,P144247 - DIAM.28.jpg,1
B10725,Centro de Mesa Vidro,B10725 - D.30cm.jpg,1
B2372,Chupeta Urso,B2372SRO.png | B2372SAZ.png,2
P507,Cigarreira em Prata,P507-115X65-P.CIGARREIRA-169E.png,1
P2643MG,Concha Batismo com Prata,P2643MG.png | P2643_estojo.png,2
P2643MP,Concha de Batismo com Prata,P2643MP.png | P2643MP_estojo.png,2
B3754,Concha em,B3754.png,1
B93088A,Concha em,B93088.png,1
B93088,Concha em,B93088A.png,1
B93104,Concha em,B93104.png,1
PX008,Concha em Prata,PX008LP.png | PX008LG.png,2
PX003,Concha em Prata,PX003LG.png | PX003LP.png,2
PX004,Concha em Prata,px004lg-Photoroom.png | PX004LP.png | PX004-caixa.png | PX004LG.png,4
PX001,Concha em Prata,PX001LP.png | PX001-caixa.png | PX001LG.png,3
PCOXMPG1,Concha Vieira em Prata,PCOXMPG1.png | pg1.png,2
B3742,Conjunto Batismo,B3742AZ.jpg,1
B2733BR,Conjunto Batismo,B2733BR_B2732SBR_B2731PBR.png,1
B3947,Conjunto Batismo,B3947AZ_B3946AZ_contents.jpg | B3947RO.jpg,2
A928BR,Conjunto Batismo 2 Peças,A928BR CONJ.2PEÇAS.jpg | A928BR.png,2
B3946,Conjunto Batismo   Com3 Peças,B3946AZ.jpg | B3947AZ_B3946AZ_contents.jpg,2
P17/3057,Conjunto de 2 Copos Prata 925,P173057.png | P17-7009.jpg | P17-7018.jpg | P17-7021.jpg,4
A237SPR,Conjunto de 2 Peças,A237SPR.jpg,1
A236SP,Conjunto de 2 Peças,A236SP.jpg | A236SPA.jpg | A236SPR.jpg,3
B3521,Conjunto de 2 Peças,B3521AZ.jpg,1
B1859/2,Conjunto de 2 Peças,B1859-2.jpg,1
B3541BR,Conjunto de 2 Peças,B3541BR.jpg,1
A236SPR,Conjunto de 2 Peças,A236SPR.jpg,1
A271SPRO,Conjunto de 2 Peças,A271SPRO.jpg,1
A857,Conjunto de 2 Peças,A857RO.png,1
A273SP,Conjunto de 2 Peças,A273SP 9159.jpg | A273SP.jpg,2
A3464/01B,Conjunto de 2 Peças,A3464-01B .jpg | A3464-01B.jpg,2
B3581,Conjunto de 2 Peças,B3581AZ.jpg,1
A934,Conjunto de 2 Peças,A934AZ.jpg,1
A940,Conjunto de 2 Peças,A940RO.png,1
A271SP,Conjunto de 2 Peças,A271SP.jpg | A271SPRO.jpg | A271SPAZ.jpg,3
A271SPAZ,Conjunto de 2 Peças,A271SPAZ-C.jpg | A271SPAZ.jpg,2
A3234,Conjunto de 2 Peças,A3234-01R .jpg | A3234-01C (2)-Photoroom.jpg | A3234-01R.jpg | A3234-01C.jpg,4
B3620,Conjunto de 2 Peças,B3620RO.jpg,1
B3116,Conjunto de 2 Peças,B3116SPAZ.png | B3116SPRO.png,2
B3641,Conjunto de 2 Peças,B3641RO.jpg,1
B3995SPAZ,Conjunto de 2 Peças,B3994SAZ-SRO-979-B3995SPAZ-SPRO-9139.png,1
A231SP,Conjunto de 2 Peças,A231SP.jpg,1
B3982RO,Conjunto de 2 Peças,B3982RO.png,1
B4423,Conjunto de 2 Peças,B4423RO.png | B4423AZ.jpg,2
B3126,Conjunto de 2 Peças,B3126AZ-RO-Photoroom.png | B3126AZ.png,2
B2093,Conjunto de 2 Peças,B2093-1R.jpg,1
B3074,Conjunto de 2 Peças,B3074RO.jpg,1
B3077BR,Conjunto de 2 Peças,B3077BR.png,1
B3156BR,Conjunto de 2 Peças,B3156BR.png,1
A236SPA,Conjunto de 2 Peças,A236SPA.jpg,1
A237SPA,Conjunto de 2 Peças,A237SPA.jpg,1
A788SPRO,Conjunto de 2 Peças,A788SPRO.png,1
B3797SPBR,Conjunto de 2 Peças,B3797SPBR.jpg,1
A767SPBR,Conjunto de 2 Peças,A767SPBR.png,1
A757,Conjunto de 2 Peças,A757SPAZ.jpg,1
B3595BR,Conjunto de 2 Peças,B3595BR.png,1
A274,Conjunto de 2 Peças,A274RO.png,1
A3466/04B,Conjunto de 2 Peças Escova e Pente,A3466-04B.jpg | A3466-04B..jpg | A3466-04B.png,3
P03611,Conjunto de 2 Peças Prata,P03611-21X85-28E.png | P03611.png,2
B3107AZ,Conjunto de 2 Peças Urso Flor,B3107AZ.png,1
P717,Conjunto de 3 Peças Prata,P717.png,1
B4404,Conjunto de 3 Peças Urso,"ChatGPT Image Mar 18, 2026, 05_00_39 PM.png",1
B4424,Conjunto de 3 Peças Urso,"ChatGPT Image Mar 17, 2026, 03_58_57 PM.png | ChatGPT Image Mar 17, 2026, 03_58_54 PM.png",2
B40/0132,Conjunto de 5 Peças Escritório,B40_0049.jpg | B40-0087.jpg | B40-0086.jpg,3
P48BL,Conjunto Escova e Espelho em Prata,P48BL-CONJ.2-PECAS-9939.png,1
PS972,Conjunto Escova e Espelho em Prata,PS972-PENTE-ESPELHO-78E.png,1
B2593,Copos Bodas Casamento,B2593-25_B2592-50.jpg | B2593-25-PAR.png | B2593-25.png | B2593.jpg,4
B2294/2,Copos Celebração Casamento,B2294-2_B2296-2.jpg | B2294-2.png,2
B4061/2,Copos Celebração Casamento,B4061-255D.jpg | B4061-25.jpg | B4061-2.jpg,3
B1435,Copos Celebração Casamento,B1435-50.jpg | B1435-25.jpg,2
B1450,Copos Celebração Casamento,B1450-50.jpg | B1450-25.jpg,2
B2592/50,Copos Celebração Casamento,B2593-25_B2592-50.jpg | B2592-50-PAR.png | B2592-50.png,3
B2593/25,Copos Celebração Casamento,B2593-25_B2592-50.jpg | B2593-25-PAR.png | B2593-25.png,3
B2296/2,Copos Celebração Casamento,B2294-2_B2296-2.jpg | B2296-2.png,2
B4061/1,Copos Celebração Casamento,B4061-1.jpg | B4061-1 COPOS 25ª-Photoroom.jpg,2
P4061,Copos com Aplicação em Prata,P4061-50.jpg | P4061-00.jpg,2
B4061/3,Copos Corações,B4061-3.jpg,1
B4061,Copos de Casamento,B4061D-00D.jpg | B4061-255D.jpg | B4061-00 9269.jpg | B4061-00.jpg | B4061-3.jpg | B4061-25.jpg | B4061-1.jpg | B4061-00D.jpg | B4061-2.jpg | B4061-50.jpg | B4061-1 COPOS 25ª-Photoroom.jpg,11
B4061/255D,Copos de Casamento com Alianças Douradas,B4061-255D.jpg,1
B4061/00D,Copos de Casamento com Alianças Douradas,B4061-00D.jpg,1
B4061/00,Copos de Casamento com Alianças Prateadas,B4061-00 9269.jpg | B4061-00.jpg | B4061-00D.jpg,3
B2577,Copos Noivos Casamento,B2577 COPS NOIVOS.jpg,1
AE014,Cristo com Cruz de Madeira,AE014-4 - 29X45.jpg | AE014-3 - 19X32 -.jpg | AE014-3 - 19X32 - AE014-4 - 29X45.jpg,3
AE50079/1A,Cristo com Cruz de Madeira,AE50079-1A.jpg,1
BN903M,Cristo sem Cruz de Madeira,BN903M-CRISTO S.CRUZ.jpg,1
PM1882,Cruz Chapa Prata,"PM1882- 2,5X2,5  9289 .jpg",1
PCR07160,Cruz Chapa Prata,"PCR07160  - 1,5X2  9129 .jpg",1
PM1883,Cruz Chapa Prata,"PM1883 2,5X2,5 9219 .jpg",1
PM33,Cruz de Chapa de Prata,"PM3380 1,7X2  9119 (PM1879) .jpg | PM3382-  2x3,5 CM 9279 (PM1881) .jpg",2
P5143,Decanter Prata 925,P5143.png,1
P5131,Decanter Prata 925,P5131.jpg,1
R400,Despeja Bolsos Coração,R400.png,1
AH6012,Esferográfica,AH6012-06B.jpg | AH6012-02B.jpg | AH6012-05B.jpg | AH6012-04B.jpg | AH6012-03B.jpg | AH6012-01B.jpg,6
B1857/1,Esferográfica,B1857-1.jpg,1
P2287,Esferográfica Prata,P2287-P2288 .png,1
P2281L,Esferográfica Prata,P2281L-Photoroom.jpg,1
P2285G,Esferográfica Prata Granitado,P2285G-P2284L.png,1
P2283G,Esferográfica Prata Granitado,P2283G-P2282L.jpg,1
P2282L,Esferográfica Prata Linhas,P2282L-Photoroom.jpg,1
P2286,Esferográfica Prata Linhas,P2286.png,1
P2284L,Esferográfica Prata Linhas,P2284L-Photoroom.jpg,1
PS971,Espelho em Prata,PS971-26X10-43E-ESPELHO.png | PS971-26X10-43E-ESPELHO.png,2
PS951,Espelho em Prata,PS951-27X9-42E-ESPELHO2.png,1
P89,Espelho e Pente de Bolso em Prata,P89-9X3-12E-espelhopente.png,1
P88,Espelho e Pente de Bolso em Prata,P88-9X3-12E-espelhopente.png,1
B7840,Estojo Higiene com,B7840.png,1
B7841,Estojo Higiene com,B7841_open.png | B7841_closed.png,2
B7842,Estojo Higiene com,B7842_open.png | B7842_closed.png,2
B1818,Estojo Madeira Comlâmina,B1818-Photoroom.jpg,1
B1819/2,Estojo Madeira Comlâmina 2 Peças,B1819-2-Photoroom.jpg,1
BA2660M,Esvazia Bolsos,BA2660M.png,1
BA4027M,Esvazia Bolsos,BA4027M.png | BA4027M.jpg,2
BA2651MP,Esvazia Bolsos,BA2651MP.png | BA2651MP.jpg,2
BA535,Figura de Mãe,BA535.jpg,1
P259,Foco em Prata,P259-8X4-FOCO-FECHADO.png,1
P5711,Frapé de Prata 925,P5711.jpg | P5711-balde gelo.jpg,2
B9952,Galheteiro,B9950_B9951_B9952_composite.jpg | B9952.jpg,2
B9951,Galheteiro,B9951.jpg | B9950_B9951_B9952_composite.jpg,2
B9950,Galheteiro,B9950_B9951_B9952_composite.jpg | B9950.jpg,2
B2898BR,Guarda-chupeta Batismo,B2898BR.png,1
B2732SBR,Guarda-chupeta Batismo,B2733BR_B2732SBR_B2731PBR.png,1
B2897BR,Guarda-chupeta Batismo,B2897BR.png,1
A927SBR,Guarda-chupeta Batismo,A927SBR BOLSA P.CHUPETA.jpg | A927SBR.png,2
A140,Guarda-Jóias,A140-5-50 -Photoroom.jpg | A140-5-50 S-FUNDO-Photoroom.png | A140A-50.jpg | A140-5-25.jpg | A140A-25.jpg | A140-5-50.jpg | A140-3-00D-GUARDA JOIAS-Photoroom.jpg | A140-25-Photoroom-Photoroom.jpg | A140-5-25 S-FUNDO-Photoroom.png | A140A-B-C-50-1 com PC.jpg,10
B1599CX,Guarda-Jóias,B1599CX-.jpg,1
B2199CX,Guarda-Jóias,B2199CX.jpg,1
A9237/13C,Guarda-Jóias,A9237-13C.jpg,1
AE6469/437,Guarda-Jóias,AE6469_437.png | AE6469-437-CX-Photoroom.jpg,2
AE6521/441,Guarda-Jóias,AE6521_441.jpg | AE6521-441 CX-50ª-Photoroom.jpg,2
P25CX,Guarda-Jóias,P25CX.jpg,1
A9247/13C,Guarda-Jóias,A9247-13C.jpg | A9247-13C-CX50ª-Photoroom.jpg | A9247-13C-CX50ª-13X18.jpg,3
B1277CX,Guarda-Jóias,B1277CX.jpg,1
A122,Guarda-Jóias,A122CX.jpg | A122-50.jpg | A122-25.jpg,3
B1675,Guarda-Jóias,B1675.png,1
A9077/13C,Guarda-Jóias,A9077-13C.jpg | A9077-13C-GUARDA JOIAS-Photoroom.jpg | A9077-13C CX DE 50ª.jpg,3
A148/3,Guarda-Jóias,A148-3-25-13X18.jpg | A148-3-50-13X18.jpg | A148-3-00-13X18.jpg,3
B325CX,Guarda-Jóias,B325CX.jpg,1
P17/7009,Guarda-Jóias Alianças,P17-7009.jpg,1
P17/7018,Guarda-Jóias Alianças,P177018-21X16X5-95559.png | P17-7018.jpg,2
P17/7021,Guarda-Jóias Alianças,P17-7021.jpg,1
B3520CX,Guarda-Jóias Alianças Douradas,B3520CX.jpg,1
B6481/25,Guarda-Jóias Casamento,B6481_25.jpg,1
A432/25,Guarda-Jóias Casamento,A432_25.png,1
B1372/25,Guarda-Jóias Casamento,B1372-25CX-Photoroom.jpg,1
A489/25,Guarda-Jóias Casamento,A489-25CX.jpg | A489-25.png,2
B315CX/50,Guarda-Jóias Casamento,B315CX-50.jpg,1
A139,Guarda-Jóias Casamento,A139-3-50.jpg | A139-3-25.jpg | A139-3-00D.jpg,3
A351/25,Guarda-Jóias Casamento,A351_25.jpg | A351-25.png,2
A441/25,Guarda-Jóias Casamento,A441_25_open.jpg | A441_25.png,2
B6982/25,Guarda-Jóias Casamento,B6982-25 GUARDA JOIAS 17X25X5..jpg | B6982_25.jpg,2
B8114/25,Guarda-Jóias Casamento,B8114_25.jpg,1
A442/25,Guarda-Jóias Casamento,A442_25.jpg,1
B6438/25,Guarda-Jóias Casamento,B6438-25 G.JOIAS 9X13X4.5.jpg | B6438_25.jpg,2
B6400/25,Guarda-Jóias Casamento,B6400_25.jpg,1
B1371/25,Guarda-Jóias Casamento,B1371_25.png,1
A421/25,Guarda-Jóias Casamento,A421_25.png,1
B8124/00,Guarda-Jóias Casamento Alianças,B8124_00.jpg,1
B7909,Guarda-Jóias com,B7909_fechado.png | B7909_aberto.png,2
P48/4000,Guarda-Jóias Madeira com Prata,P484000-2-18X13X4-48E-11X8X4-285E.png,1
P03/4005,Guarda-Jóias Madeira com Prata,P034005-15X21-9459.png,1
P48/4100,Guarda-Jóias Madeira com Prata,P484100-2-18X13X4-48E-11X8X4-285E.png,1
P352F.13,Guarda-Jóias Prata,P352F.130-18X13X6-9759-1.png,1
4991121463,Guarda-Jóias Prata,4991121463-12X9X44-20E.png,1
P287VO.24,Guarda-Jóias Prata,P287VO.24-13X11X3.5-9379-1.png,1
P2869AZ,Guarda-Jóias Prata,P2869AZ-VM-VR-21X14X5-120E.png,1
P2872VM,Guarda-Jóias Prata,P2872VM-VR-AZ-21X14X5-120E.png,1
P7620,Guarda-Jóias Prata de Pele Viagem,P7620-15X14X65-30E.png,1
P3344,Guarda-Jóias Prata Lisa,P3344-18X135X55-63E.png,1
P2593,Guarda-Jóias Prata Lisa de Pele,P2593-17.5X10.5X6-65E.jpg,1
P03/2041,Guarda-Jóias Prata Madeira,P032041-11X8X4-28E.png,1
P03/2011,Guarda-Jóias Prata Madeira,P032011-11X8X4-28E.png,1
P03/2020,Guarda-Jóias Prata Madeira Oval,P032020-14X10X4-36E.png,1
P03/1012,Guarda-Jóias Prata Madeira Retangular,P031012-10X7X4-28E.png,1
P03/1022,Guarda-Jóias Prata Madeira Retangular,P031022-10X7X4-28E.png,1
P03/1001,Guarda-Jóias Prata Madeira Retangular,P031001-15X9X4-36E.png,1
P2618,Guarda-Jóias Prata Pele,P2618-17X105X6-65E.png,1
B1723G,Imagem,B1723G.jpg,1
A464,Imagem,A464 ANJOS 30X11-1 .jpg,1
B1728,Imagem,B1728.jpg,1
B1740M,Imagem,B1740M.jpg,1
AE6159,Imagem Cristo em,AE6159.jpg,1
EA6159,Imagem Cristo em,"",0
B1544,Imagem de Mesa,B1544M-P.jpg,1
B1546,Imagem de Mesa   Aparição,B1546.jpg,1
B1545,Imagem de Mesa   Nossa Senhora de Fátima,B1545M-P.jpg,1
B44/4670,Imagem de Papa Francisco,B444670 -27X34-PAPA.jpg,1
P60GHO.9,Imagem em Prata,P60GHO.9-25X37-91249.png,1
A18/1,Imagem Sagrada Familia,A18.jpg,1
AE5002/3,Imagem Sagrada Familia,AE5002-3C.jpg | AE5002-3 IMAGEM.jpg,2
A19/2,Imagem Sagrada Familia,A19.jpg,1
A466,Imagem Sagrada Família,A466 SAGRADA FAMILIA 20X25-1x.jpg,1
AE6028,Imagem Sagrada Família,AE6028-IMAGEM.jpg,1
A22/2,Imagem Sagrada Família,A22-2 18X24-Photoroom.jpg,1
AE5002/3C,Imagem Sagrada Família,AE5002-3C.jpg,1
AE6049/2,Imagem Sagrada Família,AE6049-2- IMAGEM.jpg,1
A13/1,Imagem Sagrada Família,A13.png,1
A15/1,Imagem Sagrada Família,"",0
B10726,Jarra,B10726 - H.30cm.jpg,1
B10734,Jarra,B10734-H.35cm.jpg,1
B27/7203,Jarra,B27-7203.png,1
B10181,Jarra,B10181- H.25cm.jpg,1
B10729,Jarra,B10729-21X27.jpg,1
B17/3356,Jarra Casamento,"ChatGPT Image Mar 24, 2026, 01_20_31 PM.png",1
B9620/25,Jarra Casamento,B9620-25.jpg,1
B9615/50,Jarra Casamento,B9615-50.jpg,1
B9614/50,Jarra Casamento,B9614-50.jpg,1
A9074,Jarra Casamento,A9074-01 C-50ª.jpg | A9074-01 V-25ª.jpg | A9074-01V.jpg | A9074-01C.jpg,4
B9605F,Jarra com Alianças em,B9605F.jpg,1
B10222M,Jarra com Vidro e Espelho,B10223M-22M.jpg,1
B10223M,Jarra com Vidro e Espelho,B10223M-22M.jpg,1
B101,Jarra de Água,B10181- H.25cm.jpg | B10107-18CM  B10108-22cm.jpg | B10105-16cm eB10106 -20cm.jpg,3
P5147,Jarra de Água Prata 925,P5147.png,1
P5123,Jarra de Água Prata 925,P5123.jpg,1
BA6012M,Jarra Decoração Ondulada,BA6012M.png,1
B17/315,Jarra de Decoração,B17-3156.png | B17-3154.png | B17-3159.png,3
A7003,Jarra de Decoração,A7003-03.png | A7003-04.png,2
B27/7245,Jarra de Vidro,B277245.jpg | B277245-50ANOS.jpg | B27-7245.png,3
P02/4000,Jarrão Madeira com Prata,P024000-15X15-9519.png,1
P02/4020,Jarrão Madeira com Prata,P024020-10X20-96359.png,1
P02/4010,Jarrão Madeira com Prata,P024010-15X30-96559.png,1
P02/4011,Jarrão Madeira com Prata,P024011-15x33-9709.png,1
P02/4021,Jarrão Madeira com Prata,P024021-10X20-96359.png,1
P02/4001,Jarrão Madeira com Prata,P024001-15X24-9829.png,1
P14/4267,Jarra Prata 925,P144267-P144268 (2).jpg,1
B27/7884,Jarra Vidro,B27-7884 30CM JARRA.jpg | B27-7267.png | B27-7262.png | B27-7274.png | B27-7269.png | B27-7262_to_B27-7267_composite.png | B27-7264.png | B27-7265.png | B27-7270.png | B27-7245.png | B27-7263.png | B27-7266.png | B27-7259.png,13
B27/7879,Jarra Vidro,B277879 JARRA 40cm.jpg | B27-7267.png | B27-7262.png | B27-7274.png | B27-7269.png | B27-7262_to_B27-7267_composite.png | B27-7264.png | B27-7265.png | B27-7270.png | B27-7245.png | B27-7263.png | B27-7266.png | B27-7259.png,13
BN907,Joaninha Bibelot,BN907.jpg | BN907V.jpg,2
BN250C,Joaninha Bibelot,BN252C.jpg,1
AK1869/12,Kit 12 Mini Rosas Perfumadas,AK1869-12 KIT.jpg,1
AK2058/10,Kit Com10 Rosa + Jarra,AK2058-10 ROSAS-KIT.png,1
AK1814/12,Kit Completo 12 Peças,AK1814-12 CONJUNTO PERFUMADOR.jpg | AK1814-02P MARGARITA PQ PERFUMADOR D.10CM.jpg | AK1814-02G MARGARITA GR PERFUMADOR D.10CM.jpg | AK1814-03G ROSA GR PERFUMADOR D.10CM.jpg | AK1814-01G ROSA GR PERFUMADOR D.10CM.jpg,5
AK2075/8,Kit Completo 8 Peças,AK2075-8 CONJ.PERFUMADOR .jpg | AK2075-04G PERFUMADOR D.9X10cm.jpg | AK2075-03G PERFUMADOR D.9X10cm.jpg | AK2075-02G PERFUMADOR D.9X10cm.jpg,4
AK2216/6,Kit Perfumadores Com6 Peças + Base,AK2216-6-KIT.jpg,1
P903,Lupa em Prata,P903-265E-LUPA.png,1
A799RO,Luz de Presença,A799RO.jpg,1
BA4203,Luz de Presença,BA4203-12.jpg | BA4203-11.jpg | BA4203-10.jpg | BA4203-09.jpg | BA4203-06.jpg | BA4203-05.jpg | BA4203-04.jpg | BA4203-03.jpg | BA4203-02.jpg | BA4203-01.jpg,10
P12/0056,Marcador de Livro em Prata,P120064-MARCADOR-DE-LIVRO-TENIS.png,1
BA00054,Mealheiro,BA00054 - MEALHEIRO ELEFANTINHO D.7XH.9cm.png,1
BA4358DAZ,Mealheiro,BA4358DAZ-9X13.png | BA4358DAZ.png,2
BA4224,Mealheiro,BA4224RO 8X13cm MEALHEIRO.jpg | BA4224AZ 8X13cm MEALHEIRO.jpg,2
BA00058R,Mealheiro,BA00058R.png,1
B4207,Mealheiro,B4207-03 H.14 - 14.90.jpg | B4207 PARTE TRAZ.jpg | B4207-02 H.14 -14.90.jpg | BA4207-01.jpg,4
A3465/01B,Mealheiro,A3465-01B.jpg,1
BA00085C,Mealheiro,BA00085C-D8.5XH.11.png,1
BA00057,Mealheiro,BA00057 - MEALHEIRO CARRINHO D.7XH.7cm.png,1
BN521M,Mealheiro,BN521M VACA-13X9cm.png,1
A00021,Mealheiro,A00021 VESPA SEM COR.jpg,1
BA00056,Mealheiro,BA00056-D.7XH7.5.png,1
A00022,Mealheiro,A00022- LAMBRETA COR 17Xh13.jpg,1
A00028C,Mealheiro Bailarina,A00028C-BAILARINA-Photoroom.jpg,1
BA00083,Mealheiro Bailarina,BA00083-9.5XH.10.png,1
BA00062R,Mealheiro Bailarina,BA00062R - MEALHEIRO BAILARINA D.7cm.png,1
BA524,Mealheiro Biberon,BA524-7.5X12.jpg,1
A00017,Mealheiro Cão,A00017 CÃO- 11X12cm.jpg,1
A00040,Mealheiro Cão,A00040 MEALHEIRO 12Xh.11.jpg,1
A00019,Mealheiro Carro,A00019-MEALHEIRO-Photoroom.jpg,1
A00027C,Mealheiro Carro,A00027C-FR1-Photoroom.jpg,1
A00020,Mealheiro Carro,A00020 CARROCHA COR 13.5Xh6.5.jpg | A00020 - CARROCHA 13.5cmX h6.5cm .jpg,2
A00045C,Mealheiro Carro,"A00045C MEALHEIRO 12,5Xh.8.jpg | A00045C-1 12,5Xh.8.jpg",2
A00046C,Mealheiro Carro,"A00046C MEALHEIRO 15,5Xh.9,5.jpg | A00046C-1 MEALHEIRO 15,5Xh.9,5.jpg",2
A00026C,Mealheiro Carro,A00026C MEALHEIRO FIAT 500.jpg,1
BA00015,Mealheiro Cegonha,BA00015 -CEGONHA 13X12cm.jpg,1
B22170,Mealheiro com Música,B22170-MEALHEIRO-Photoroom.jpg,1
B22171,Mealheiro com Música,B22171-MEALHEIRO MUSICA-Photoroom.jpg,1
B2683RO,Mealheiro com Música,B2683RO.png,1
B2682AZ,Mealheiro com Música,B2682AZ.png,1
A00042,Mealheiro Elefante,A00042 MEALHEIRO 13Xh.12.jpg,1
A0005,Mealheiro Elefante,A0005 MEALHEIRO ELEFANTE.jpg,1
A00029C,Mealheiro Fada,A00029C-Photoroom.jpg,1
B4090,Mealheiro Madeira,B4090AZ-8XH.12cmMEALHEIRO ELEFANTE.jpg | B4090RO-8Xh.12cmMEALHEIRO ELEFANTE.jpeg,2
B4091,Mealheiro Madeira,B4091-MEALHEIRO.jpg,1
B4088,Mealheiro Madeira,B4088AZ-8X12 cm-MEALHEIRO.-Photoroom.jpg | B4088RO -8X12cm -MEALHEIRO.jpg | B4088AZ-8X12 cm-MEALHEIRO.jpg,3
B4089RO,Mealheiro Madeira,B4089-MEALHEIRO.jpg,1
A00025C,Mealheiro Mota,A00025C MOTA.jpg,1
BA0001,Mealheiro Porco,BA00015 -CEGONHA 13X12cm.jpg | BA0001 PORCO.jpg | BA00019 CARRO.jpg,3
BA518,Mealheiro Porco,BA518 ALT.8X13-1.jpg,1
BA528,Mealheiro Vespa,BA528-14X8.5.jpg,1
A234M,Medalha   Anjo Comoração,A234M.jpg | A234MRO.jpg | A234MCAZ.png,3
B3786/E,Medalha   Batismo,B3786-ERO.jpg,1
A273MC,Medalha Criança,A273MC.png,1
A273MB,Medalha Criança,A273MB.jpg,1
B2665M,Medalha de Berço,B2665MAZ.png | B2665MRO.png,2
B6136,Medalha de Berço,B6136CAZ.png | B6136AZ.png,2
B6122,Medalha de Berço,B6122CAZ.png | B6122AZ.png,2
B6095,Medalha de Berço,B6095C.png | B6095.png,2
B6141,Medalha de Berço,B6141CAZ.png | B6141AZ.png,2
B2851B,Medalha de Berço,B2851B.png,1
B6125F,Medalha de Berço,B6125FM.png | B6125F.png,2
AE2081,Medalha de Berço,AE2081R.png,1
A234MB,Medalha de Berço,A234MB.jpg | A234MBAZ.jpg | A234MBcl-Photoroom.png | A234MBRO (2).png | A234MBAZ.png | A234MB.png | A234MBRO.png,7
B6094,Medalha de Berço,B6094AZ.png | B6094CRO.png,2
B6053BR,Medalha de Berço,B6053BR.png,1
A234MBRO,Medalha de Berço,A234MBRO (2).png | A234MBRO.png,2
A234MBAZ,Medalha de Berço,A234MBAZ.jpg | A234MBAZ.png,2
EA2082,Medalha de Berço,EA2082-1C.png | EA2082-2R.png,2
B6135,Medalha de Berço,B6135AZ.png,1
B2661BR,Medalha de Berço,B2661BR-MEDALHA.jpg,1
B6134CAZ,Medalha de Berço   Azul,B6134CAZ.png,1
B2851C,Medalha de Berço   Commúsica,B2851C-MEDALHA.jpg,1
B6122C,Medalha de Berço   Commúsica,B6122CAZ.png,1
B6094C,Medalha de Berço   Commúsica,B6094CRO.png,1
B2669C,Medalha de Berço   Commúsica,B2669C.png,1
B6095C,Medalha de Berço   Commúsica,B6095C.png,1
A234MC,Medalha de Berço   Commúsica,A234MC.jpg | A234MCAZ.jpg | A234MCRO.jpg,3
B6141C,Medalha de Berço   Commúsica,B6141CAZ.png,1
B2665C,Medalha de Berço   Commúsica,B2665C.png | B2665CRO.png | B2665CAZ.png,3
B2661C,Medalha de Berço   Commúsica,B2661CRO.png | B2661C.png,2
B6136C,Medalha de Berço   Commúsica,B6136CAZ.png,1
B6125FM,Medalha de Berço   Commúsica,B6125FM.png,1
PMD001AP,Medalha de Berço Prata,PMD001AP.png,1
P003P,Medalha de Berço Prata,P003P.png,1
PMD001,Medalha de Berço Prata,PMD001FP.png | PMD001.png | PMD001AP.png,3
P004M,Medalha de Berço Prata,P004M-G-007.png,1
PMD001FP,Medalha de Berço Prata,PMD001FP.png,1
P005FP,Medalha de Berço Prata Recortado,P005FP.png,1
B6054RO,Medalha de Berço   Rosa,B6054RO.png,1
B6083CRO,Medalha de Berço   Rosa,B6083CRO.png,1
B6120RO,Medalha de Berço   Rosa,B6120RO.png,1
B3017BR,Medalha de Berço   S/Música,B3017BR.png,1
B3786C,Medalha Nascimento,B3786C.jpg,1
B3786E,Medalha Nascimento,B3786E.jpg | B3786EAZ.jpg | B3786ERO.jpg,3
A1869,Mini Rosa Perfumada,A1869-01 MINI ROSA PERFUMADA.jpg | A1869-02 MINI ROSA PERFUMADA.jpg | A1869-03 MINI ROSA PERFUMADOR.jpg | A1869-04 MINI ROSA D.6 PERFUMADOR.jpg,4
BN518M,Mocho,BN518M-Photoroom.jpg,1
BN271MS,Mocho,BN271MS-Photoroom.jpg,1
BA1275MP,Mocho com Suporte de Caneta,BA1275MP-Photoroom.jpg,1
BA1259MP,Mocho com Suporte de Caneta,BA1259MP-Photoroom.jpg,1
B1307N,Moldura,B1307N.png,1
B16/8026,Moldura,B168026 25X20-Photoroom.jpg | B168026 20X25-Photoroom.jpg | B168026 25X20 SFUNDO-Photoroom.png | B16-8026.png,4
B1376A,Moldura,B1376.png,1
A9070/13,Moldura,A9070-13-18V-Photoroom.jpg | A9070-13-18A-Photoroom.jpg | A9070-13C.jpg | A9070-13A.jpg | A9070-13V.jpg,5
B5781A,Moldura,B5781A.png,1
AE6434,Moldura,AE6434.jpg,1
B1408A,Moldura,B1408.png,1
AE6008,Moldura,AE6008.png,1
A323A,Moldura,A323A.jpg,1
A301A,Moldura,A301.jpg,1
A308A,Moldura,A308A.jpg,1
A353A,Moldura,A353.jpg,1
B1407A,Moldura,B1407.jpg,1
B1406A,Moldura,B1406A.jpg,1
B1327A,Moldura,B1327A.png,1
AE6206/20,Moldura,AE6206-20.jpg | AE6206-20-Photoroom.jpg,2
A120,Moldura,A120C-B-S.jpg,1
B1326A,Moldura,B1326A.png,1
B8118B,Moldura,B8118.png,1
B584B,Moldura,B584B.png,1
AE6022,Moldura,AE6022.png,1
AE6018,Moldura,AE6018.png,1
B1399,Moldura,B1399-25.jpg,1
BA2668M,Moldura,BA2668M.png,1
"",Moldura,B3990DLAZ-DLRO-9189.png | B3990DLAZ.jpg,2
A9070/18,Moldura,A9070-13C.jpg | A9070-13A.jpg | A9070-13V.jpg,3
B6000/18,Moldura,B6000-18.jpg | B6000-18-25ª.jpg,2
B585B,Moldura,B585B.png,1
A148,Moldura,A148B-50.jpg | A148B-00.jpg | A148B-25.jpg,3
A124,Moldura,A124B-00.jpg | A124B-00-1.jpg | A124B-C-00D-Photo.jpg | A124B-50D.jpg | A124B-25.jpg,5
A9230/18,Moldura,A9230-18A-Photoroom.jpg | A9230-18V-Photoroom.jpg | A9230-18V.jpg | A9230-18C.jpg,4
A9230/13,Moldura,A9230-13A.jpg,1
BA4009C,Moldura,BA4009C-Photoroom.jpg,1
A234BAZ,Moldura Anjo,A234BAZ.jpg | A234BAZ-CL-Photoroom.png | A234BAZ.png,3
AE2001,Moldura Anjo,AE2001-13R.png,1
A234BRO,Moldura Anjo,A234BRO.jpg | A234BRO-.jpg | A234BRO-CL1-Photoroom.png | A234BRO.png,4
A3610,Moldura Anjo da Guarda,A3610PR.jpg | A3610PC.jpg | A3610-9PR.png | A3610-13PR.png | A3610-9PC.png | A3610-13PC.png,6
A9120/13,Moldura Árvore da Vida,A9120-13V-18V-25º-Photoroom.jpg | A9120-13V.jpg,2
A9120/18,Moldura Árvore da Vida,A9120.jpg | A9120-13V.jpg,2
A2270,Moldura Árvore da Vida,A2270-Photoroom.jpg | A2270-18-Photoroom.jpg | A2270.jpg,3
A122B,Moldura Árvore da Vida,A122B .jpg | A122B-50.jpg | A122B-25 .jpg | A122B.jpg,4
A9240/13C,Moldura Árvore da Vida Casamento,A9240-13C.jpg | A9240_13C-13X18-50ª-Photoroom.jpg,2
A6000,Moldura Batismo,A6000-10-15 BATISMO concha.jpg,1
B2896D,Moldura Batismo,B2896D.png,1
B3790DL,Moldura Batismo,B3790BLRO_B3790BLAZ_B3791BL.jpg,1
B2395,Moldura Batismo,B2395BQ_B2394DQ.png,1
B2880E,Moldura Batismo,B2880E.png,1
B2701D,Moldura Batismo,B2701D.png,1
A224,Moldura Batismo,A224C.jpg | A224MB-MC.jpg | A224MB.jpg | A224C.png | A224B.jpg,5
B3791,Moldura Batismo,B3790BLRO_B3790BLAZ_B3791BL.jpg,1
A226,Moldura Batismo,A226B-C Brera_E226-4 BA.jpg | A226B_A226C.png,2
B2730,Moldura Batismo,B2730BL_B2730CL.png,1
B2859DL,Moldura Batismo,B2859DL.png,1
B2710D,Moldura Batismo,B2710D.png,1
B2393,Moldura Batismo,B2393BQ_B2392DQ.png,1
A225,Moldura Batismo,A225D.jpg | A225B_A225D.jpg,2
A260,Moldura Batismo,A260B-C-Photoroom.jpg,1
A6090,Moldura Batismo,A6090-9-13 BATISMO-Photoroom.jpg,1
B3561DAZ,Moldura Batismo,B3561DAZ.png,1
A267M,Moldura Batismo,A267MB-MC1-Photoroom.jpg,1
A6030,Moldura Batismo,A6030-10-15 BATISMO2-Photoroom.jpg,1
A266,Moldura Batismo,A266B_A266D.png | A266B-D-Photoroom.jpg,2
B2895D,Moldura Batismo,B2895D.png,1
A924,Moldura Batismo,A924B-D MOLD.BATISMO 1.jpg | A9240-13-18C-Photoroom.jpg | A9240-50_angled.jpg | A9247-13C.jpg | A9240-13C.jpg | A9247-13C-CX50ª-Photoroom.jpg | A9247-13C-CX50ª-13X18.jpg | A9240_13C-13X18-50ª-Photoroom.jpg | A924B.png | A924D.png,10
B3790BL,Moldura Batismo,B3790BLRO_B3790BLAZ_B3791BL.jpg,1
B2713D,Moldura Batismo,B2713D.png,1
A6080,Moldura Batismo,A6080-09-13 BATISMO-Photoroom.jpg | A6080-09-13 BATISMO concha-Photoroom.jpg,2
A224MB,Moldura Batismo Madeira,A224MB-MC.jpg | A224MB.jpg,2
B3990,Moldura Bebé Carrinho,"ChatGPT Image Mar 23, 2026, 06_02_54 PM.png | ChatGPT Image Mar 23, 2026, 06_02_47 PM.png",2
B5918D/1634D,Moldura Bilaminada Comunhão,B5918D-1634.jpg,1
B5918/1634D,Moldura Bilaminada Comunhão,B5918D_134D-Photoroom.jpg,1
B2360DL,Moldura Borboletas,B2360BL - B2360DL.png,1
B2360BL,Moldura Borboletas,B2360BL - B2360DL.png | B2360BL.jpg,2
A287,Moldura Cão,A287DRO.jpg | A287.jpg,2
B1397B/50,Moldura Casamento,B1397B-50.jpg,1
AE6518/13,Moldura Casamento,AE6518-13.jpg | AE6518-13 -25ª-Photoroom.jpg,2
AE6440/13,Moldura Casamento,AE6440-13_AE6441-13.jpg | AE6440-13.jpg | AE6440-13-25ª-Photoroom.jpg,3
B5924A/25,Moldura Casamento,B5924-25-Photoroom.jpg,1
AE6289/18,Moldura Casamento,AE6289-18-50ª-Photoroom.jpg,1
A138B,Moldura Casamento,A138B.png,1
A138A,Moldura Casamento,A138A-25.jpg | A138A-50.jpg | A138A.png,3
B17/2601,Moldura Casamento,B17-2601.jpg,1
A140A,Moldura Casamento,A140-25-Photoroom-Photoroom.jpg | A140A-50.jpg | A140A-25.jpg | A140A-B-C-50-1 com PC.jpg,4
A140B,Moldura Casamento,A140-25-Photoroom-Photoroom.jpg | A140A-B-C-50-1 com PC.jpg,2
A140C,Moldura Casamento,A140-25-Photoroom-Photoroom.jpg | A140A-B-C-50-1 com PC.jpg,2
A139B,Moldura Casamento,A139B-00D.jpg | A139B-00D com PC.jpg | A139B-00D-Photoroom.jpg,3
A492AF/0,Moldura Casamento,A492AF-O.jpg,1
B6001/13,Moldura Casamento,B6001-13-50ª.jpg,1
B40/0049,Moldura Casamento,Copilot_20260324_100454.png,1
AE6290/18,Moldura Casamento,AE6290-18-13.jpg,1
AE6519/13,Moldura Casamento,AE6519-13-50ª-Photoroom.jpg,1
B1312B,Moldura Casamento,B1312A.jpg,1
B1399A/25,Moldura Casamento,B1399A-25.jpg,1
B26/4780,Moldura Casamento,B264780-Photoroom.jpg | B26_4780.jpg,2
A9150/15A,Moldura Casamento,A9150-10A-15A CASAMENTO ALIANÇAS-Photoroom.jpg | A9150-15A.jpg,2
AE6471/13,Moldura Casamento,AE6471-13.jpg,1
B10871C/50,Moldura Casamento,B10871C-50.jpg,1
B1380C/00,Moldura Casamento,B1380C-00.jpg,1
B1370C/25,Moldura Casamento,Copilot_20260320_183647.png,1
A420A/50,Moldura Casamento,A420A_50.jpg,1
AE6288/18,Moldura Casamento,AE6288-18-25ª-Photoroom.jpg,1
AE6701/13,Moldura Casamento,AE6701-13-50ª-Photoroom.jpg | AE6700-13-25ª-Photoroom.jpg,2
A138,Moldura Casamento,A138A-25.jpg | A138-5-50.jpg | A138-5-25.jpg | A138A-50.jpg | A138B.png | A138A.png,6
A2086B,Moldura Casamento,A2086B-50-13X18.jpg | A2086B-25-13X18.jpg | A2086B-00D-13X18.jpg | A2086B-25.jpg | A2086B-50.jpg | A2086B-00D.jpg | A2086B-Photoroom.jpg,7
A139S,Moldura Casamento,A139C-B-S -25 com PC.jpg | A139S-25.jpg | A139S-50.jpg | A139S-00.jpg | A139S-B00-Photoroom.jpg,5
A139C,Moldura Casamento,A139C-B-S-50.jpg | A139C-B-S -25 com PC.jpg,2
A138C,Moldura Casamento,A138B.png,1
A410B/25,Moldura Casamento,A410B_25.png | A410B-25.jpg,2
A440B/25,Moldura Casamento,A440B_25.png,1
A430B/25,Moldura Casamento,A430B_25.png,1
B16/7300,Moldura Casamento Casamento Douradas,B16_7300.jpg,1
P12/8007,Moldura Casamento Prata,P128007-10X15-9609.png | P12-8007.jpg,2
AE2000,Moldura Cegonha,AE2000-13C.png,1
B1385A,Moldura com Parafusos,B1385.jpg,1
A223,Moldura Comunhão,A223B.jpg | A223MB.jpg,2
A268M,Moldura Comunhão,A268MB-MC-Photoroom.jpg,1
A380B,Moldura Comunhão,A380B.png,1
A259,Moldura Comunhão,A259B-C-Photoroom.jpg,1
A265,Moldura Comunhão,A265B-D-Photoroom.jpg,1
A7010,Moldura Comunhão,A7010-13-9-Photoroom.jpg | A7010-13-9 S-FUNDO-Photoroom.png,2
A7030/10,Moldura Comunhão,A7030-10 JÁ TRATADA SEM FOTO ORIGINAL-Photoroom.png,1
B6710D,Moldura Comunhão,B6710D.jpg,1
B4671D,Moldura Comunhão,B4671D.jpg,1
B6810B,Moldura Comunhão Bilaminada,B6810B-.jpg,1
B6831B,Moldura Comunhão Bilaminada,B6831B.jpg,1
B6817,Moldura Comunhão GBG,B6817.jpg,1
B6818,Moldura Comunhão GBG,B6818.jpg,1
A223MB,Moldura Comunhão Madeira,A223MB.jpg,1
AE6202/13,Moldura Corações,AE6202-13.jpg,1
B2910,Moldura Corações,B2910.jpg,1
A236BR,Moldura Criança,A236BR.jpg,1
A236C,Moldura Criança,A236B.jpg,1
A272BAZ,Moldura Criança,A272BAZ-13X18-A272CAZ-10X15.jpg | A272BAZ-13X18-A272CAZ-10X15-Photoroom.jpg | A272BAZ-13X18-A272CAZ-10X15--Photoroom.jpg | A272BAZ.jpg,4
A236B,Moldura Criança,A236BR.jpg | A236BA.jpg | A236B.jpg,3
A212,Moldura Criança,A212CA-BA-CR-BR Brera_E212-C.jpg | A212BA-BR-CL-Photoroom.png | A212BA.jpg,3
A271CAZ,Moldura Criança,A271BAZ-13X18-A271CAZ-10X15.jpg | A271BAZ-13X18-A271CAZ-10X15-Photoroom.jpg | A271BAZ-13X18-A271CAZ-10X15--Photoroom.jpg,3
B3081BL,Moldura Criança,B3081BL-DL.png | B3081BL-DL-Photoroom.jpg | B3081BL.png,3
A272B,Moldura Criança,A272B-13X18-A272C-10X15.jpg | A272BAZ-13X18-A272CAZ-10X15.jpg | A272BRO-13X18-A272CRO-10X15.jpg | A272BAZ.jpg | A272BRO.jpg | A272B.jpg,6
A271BRO,Moldura Criança,A271BRO-13X18-A271CRO-10X15.jpg | A271BRO-13X18-A271CRO-10X15-Photoroom.jpg | A271BRO-13X18-A271CRO-10X15--Photoroom.jpg | A271BRO.jpg,4
A237BA,Moldura Criança,A237BA.jpg,1
A238,Moldura Criança,A238BA.jpg | A238BR.jpg,2
B3080BLAZ,Moldura Criança,B3080BLAZ.jpg,1
B3516,Moldura Criança,B3516BAZ.jpg,1
B2980BL,Moldura Criança,B2980BL.jpg,1
A784,Moldura Criança,A784BLAZ.png,1
B3096,Moldura Criança,B3096BLAZ-DLAZ.png | B3096BLRO-DLRO.png | B3096BLRO.png | B3096BLAZ.png,4
A930,Moldura Criança,A930BL.png,1
A770,Moldura Criança,A770BLRO.jpg | A770BLAZ.png,2
B3150BL,Moldura Criança,B3150BL-DL.png | B3150BL.png,2
A956BLRO,Moldura Criança,A956BLRO.png,1
A936,Moldura Criança,A936BLRO.png,1
B3090CAZ/CRO,Moldura Criança,B3090CAZ.png,1
A263,Moldura Criança,A263B.png | A263BAZ.jpg | A263BRO.jpg | A263B-D -Photoroom.jpg | A263BRO-DRO-1-Photoroom.jpg | A263BAZ-DAZ-Photoroom.jpg | A263B-D com PC-Photoroom.png,7
A273B,Moldura Criança,A273B-13X18-A273C-10X15.jpg | A273B-13X18-A273C-10X15-Photoroom.jpg | A273B.jpg,3
A860,Moldura Criança,A860.jpg | A8606-04.jpg | A8606-07.jpg | A860BAZ.jpg,4
A272CRO,Moldura Criança,A272BRO-13X18-A272CRO-10X15.jpg | A272BRO-13X18-A272CRO-10X15-Photoroom.jpg | A272BRO-13X18-A272CRO-10X15--Photoroom.jpg,3
A273C,Moldura Criança,A273B-13X18-A273C-10X15.jpg | A273B-13X18-A273C-10X15-Photoroom.jpg,2
A274C,Moldura Criança,A274B-13X18-A274C-10X15--Photoroom.jpg,1
AE2004,Moldura Criança,AE2004.png,1
B2981,Moldura Criança,B2981CAZ.jpg,1
A236BA,Moldura Criança,A236BA.jpg,1
A261,Moldura Criança,A261DRO.jpg,1
A262,Moldura Criança,A262DAZ.jpg,1
A271CRO,Moldura Criança,A271BAZ-13X18-A271CAZ-10X15.jpg | A271BAZ-13X18-A271CAZ-10X15-Photoroom.jpg | A271BAZ-13X18-A271CAZ-10X15--Photoroom.jpg,3
A272BRO,Moldura Criança,A272BRO-13X18-A272CRO-10X15.jpg | A272BRO-13X18-A272CRO-10X15-Photoroom.jpg | A272BRO-13X18-A272CRO-10X15--Photoroom.jpg | A272BRO.jpg,4
A272C,Moldura Criança,A272B-13X18-A272C-10X15.jpg | A272BAZ-13X18-A272CAZ-10X15.jpg | A272BRO-13X18-A272CRO-10X15.jpg,3
B3120,Moldura Criança,B3120BLAZ-BLRO-DLAZ-DLRO-1.jpg | B3120BAZ-Photoroom.png | B3120BL.png,3
A237DR,Moldura Criança,A237BR.jpg,1
A210,Moldura Criança,A210CA-BA Brera_E210-R.jpg | A210BA.png,2
A237DA,Moldura Criança,A237BA.jpg,1
A237BR,Moldura Criança,A237BR.jpg,1
A236CR,Moldura Criança,A236BR.jpg,1
A236CA,Moldura Criança,A236BA.jpg,1
A271BAZ,Moldura Criança,A271BAZ-13X18-A271CAZ-10X15.jpg | A271BAZ-13X18-A271CAZ-10X15-Photoroom.jpg | A271BAZ-13X18-A271CAZ-10X15--Photoroom.jpg | A271BAZ.jpg,4
A272CAZ,Moldura Criança,A272BAZ-13X18-A272CAZ-10X15.jpg | A272BAZ-13X18-A272CAZ-10X15-Photoroom.jpg | A272BAZ-13X18-A272CAZ-10X15--Photoroom.jpg,3
A231B,Moldura Criança,A231B.jpg | A231B-Photoroom.png,2
A211CR,Moldura Criança,A211CR-.jpg | A211CR.png,2
A231C,Moldura Criança,A231C.jpg,1
A205,Moldura Criança,A205DRO.jpg | A205DAZ.jpg,2
A258,Moldura Criança,A258BAZ.jpg | A258BRO.jpg | A258B.jpg | A258B-C-1-Photoroom.jpg | A258BAZ-CAZ -Photoroom.jpg,5
A900,Moldura Criança,A900BLRO.png | A900BLAZ.png,2
B2003,Moldura Criança,B2003-13C.13R 9239 B2003-9C-Photoroom.png | B2003-13C.13R 9239 B2003-9C-Photoroom (2).png | B2003-13R.png,3
B3090/RO,Moldura Criança,B3090_SAZ.jpg | B3080_B3083_B3090_scene.jpg,2
B3083SRO,Moldura Criança,B3083SRO.png,1
AE2039,Moldura Criança,AE2039.png,1
B2073,Moldura Criança,B2073-9C-9R 9159 B2073-13C-13R-Photoroom.png | B2073-13R.png,2
B2680BLAZ,Moldura Criança Carros,B2680BLAZ.png,1
A252,Moldura Criança Madeira,A252SAZ.jpg | A252MBRO.jpg | A252MBAZ.jpg | A252MBRO-MCRO-Photoroom.jpg,4
A202,Moldura Criança Madeira,A202MCRO-MBRO.jpg | A202MCAZ-10X15.jpg,2
A403,Moldura Criança Madeira,A403BR.jpg | A403BR-CR.jpg | A403CA -CR-BA-BR Brera_ECL403-C.jpg | A403MBRO.png | A403MBAZ.png,5
B3751MCRO,Moldura Criança Madeira,B3751MBRO-MCRO1.jpg | B3751MCRO.png,2
A250,Moldura Criança Madeira,A250MBAZ.jpg | A250MBRO.jpg | A250MBAZ-MCAZ-Photoroom.jpg,3
B3753,Moldura Criança Madeira,B3753MBRO-MCRO.jpg | B3753CRO-10X15.jpg | B3753RO-Photoroom.jpg | B3753MCRO.png,4
B3752MCAZ,Moldura Criança Madeira,B3752CAZ-10X15-.jpg | B3752MCAZ.png,2
B3751MBRO,Moldura Criança Madeira,B3751MBRO-MCRO1.jpg,1
B3754M,Moldura Criança Madeira,B3754AZ-1.jpg,1
P907B,Moldura de Prata Retangular,P907B-25A-13X18-9749.png,1
B3751CRO,Moldura Elefante,B3751CRO-10X15-.jpg | B3751CRO-10X15-1.jpg | B3751CRO.png,3
A3230,Moldura Elefante,A3230-10R-Photoroom.jpg | A3230-10C-Photoroom.jpg,2
B3752CAZ,Moldura Elefante,B3752CAZ-10X15-.jpg | B3752CAZ.png,2
B15/5112,Moldura em Pele Imagem Bilaminada,B155112.jpg,1
P0925E,Moldura em Prata Arrugada Largura a,P925B.jpg,1
P24/3306,Moldura em Prata Capela Colunas,P243306-13X18-9499-9mm.png,1
P24/3200,Moldura em Prata Capela Conchas,P243200-3X4-9139-9mm.png,1
P17/02012,Moldura em Prata Capela Dupla Rosinhas,P1702012-6X9-9289-11mm-DUPLA.png,1
P17/0240,Moldura em Prata Capela Flores,P170240-4X5-9149-14mm.png,1
P24/3000,Moldura em Prata Capela Lisa,P243000-3X4-9169-9mm.png,1
P24/3100,Moldura em Prata Capela Picotada,P243100-3X4-9169-9mm.png,1
P24/3105-1,Moldura em Prata Capela Picotada,P243105-15X10-9509-9mm.png,1
P17/0220,Moldura em Prata Capela Picotada,P170220-4X5-9149-14mm.png,1
P17/0200,Moldura em Prata Capela Rosas,P170200-4X5-9109-14mm.png,1
P17/0204C,Moldura em Prata Capela Rosinhas Camafeu,P170204C-13X9-11mm-9369.png,1
P2375/1,Moldura em Prata com Madeira,P2375-1-2.jpg,1
P07/02013,Moldura em Prata com Relógio,P0702013-6X9-TRIPLA-C-RELOGIO-94259.png,1
P2431,Moldura em Prata Comunhão,P243100  9mm.png | P243105 15X10 9mm.png,2
P45/0236C,Moldura em Prata Criança Casa Urso,P450236C-15X10-9599-22mm.png,1
P12/5000,Moldura em Prata Forma Irregular,P125000.jpg,1
P2860,Moldura em Prata Irregular Riscado,P2860-13X18-91109.png,1
P0926E,Moldura em Prata Largura a Folhas,P926E-10X10.jpg,1
P1705/2,Moldura em Prata Ondas,"ChatGPT Image Mar 17, 2026, 11_08_17 AM.png | ChatGPT Image Mar 17, 2026, 11_08_11 AM.png",2
P1897,Moldura em Prata Oval,P1897.jpg,1
P16/0136,Moldura em Prata Oval,P150136-11mm-18X24-9689.png,1
P16/0548A,Moldura em Prata Oval Lisa,P160548A-10X15-9499-7mm.png,1
P16/0112,Moldura em Prata Oval Ondulada,P160112-9X12-91259-7mm.png,1
P16/0810,Moldura em Prata Oval Picotada,P160810-5X6.png,1
P24/3210,Moldura em Prata Panorâmica Capela Conchas,P243210-10X18-9439-9mm.png,1
P24/3010,Moldura em Prata Panorâmica Capela Lisa,P243010-18X10-9579-9mm.png,1
P2135,Moldura em Prata para 2 Fotos Picotada,"",0
P2615/1,Moldura em Prata Pele Preta,P2615-1-2.jpg,1
P2319/1,Moldura em Prata Quadrada,"",0
P48RM.3,Moldura em Prata Quadrada Largura a,P48RM3-P47RG.3.jpg,1
P25/0100,Moldura em Prata Quadrada Lisa,P250100-9X9-11mm-9519.png,1
P0842BQ,Moldura em Prata Quadrada Lisa,P0842Q-PhotoRoom-Photoroom.jpg,1
P0809BR,Moldura em Prata Redonda,P809BR-D.13-9419-DR-D.9-9339-ER-D.6-9239-1.png,1
P14/0521,Moldura em Prata Redonda Flores,P140521-7mm-D.6-999.png,1
P14/0722,Moldura em Prata Redonda Parafusos,P140722-D.8-7mm-9259.png,1
P2867VR,Moldura em Prata Retangular,P2867-1VRVMAZ-18X24-120E.png,1
P15/1291,Moldura em Prata Retangular,P151291-E-14mm-9309.png,1
P45CP.30,Moldura em Prata Retangular,P45CP.30-10X15-59E1-P44CM.30-13X18-75E-1.png,1
P1887B,Moldura em Prata Retangular,P1887B-9579-C-9389.png,1
P374WP.5,Moldura em Prata Retangular,P374WP.5-9X13-9389-25cm-P373WM.5-13X18-97759-5cm-1.png,1
P2870AZ,Moldura em Prata Retangular,P2870-1AZ1VM1VR-18X24-135E.png,1
P466QP.5,Moldura em Prata Retangular,P466PQ.5-10X15-9389-25cm-1.png,1
P5067405LL,Moldura em Prata Retangular,P5067405LL-10X15-24cm-415E.png,1
P45/0210,Moldura em Prata Retangular,P450210-10X15-9399-22mm.png,1
P22CP.37,Moldura em Prata Retangular,P22CP.37-10X15-9559-3cm-1-1.png,1
P90B,Moldura em Prata Retangular,P90B-9599-C-9389-1.png,1
P2710/1,Moldura em Prata Retangular,P2710-1-9X13-49E-1.png,1
P0847N,Moldura em Prata Retangular,P847N-9669-C-9329-c-s-png.png,1
P156AM.1,Moldura em Prata Retangular,P156AM.1-13X18-65E.png,1
P15/0813,Moldura em Prata Retangular Amora,P160813-B-17mm-9339.png,1
P45/0451,Moldura em Prata Retangular Cantos Rosas,P450451-D-255-0453-B-335-0455-A-40-14mm.png,1
P45/0140,Moldura em Prata Retangular Cantos Tracejado,P450140-10X15-9329-P450141-13X18-94059-16mm.png,1
P17/0214,Moldura em Prata Retangular Capela Tracejado,P170210-E-9109170213-C-9249170214-13X9-9279-11mm.png,1
P5017306LL,Moldura em Prata Retangular Casamento,P25A-B-13X18-9569-P5017306LL.png,1
P89B/25,Moldura em Prata Retangular Casamento,P89-25-PhotoRoom-Photoroom.jpg,1
P465QM.10,Moldura em Prata Retangular Casamento,P465QM.10COPIA.png,1
P89B/50,Moldura em Prata Retangular Casamento,P89-50-PhotoRoom-Photoroom.jpg,1
P156AG.6,Moldura em Prata Retangular Casamento,P155AG.6-18X24-109E-fundo1.png,1
P2882/1,Moldura em Prata Retangular com Aplicação,P2882-1-13X18-87E.png,1
P16/5090,Moldura em Prata Retangular com Flores,P165090-91-92.png,1
P45/0312,Moldura em Prata Retangular Comunhão,P450312 10X15 3cm .png | P450312-10X15-9789-3cm-30.png,2
P45/0270,Moldura em Prata Retangular Comunhão,P450270 10X15-22mm.png | P450270-10X15-6699-P450271-13X18-9789-30.png,2
P42/0605,Moldura em Prata Retangular Cortina,P420605-9X13-9259-15mm-3mm.png,1
P45/0230,Moldura em Prata Retangular Criança,P450230-10X15-9779-22mm.jpg,1
P24/5012,Moldura em Prata Retangular Criança Aniversário,P245012-10X15-9459-1-245012M-94559.png,1
P24/5000,Moldura em Prata Retangular Criança Balança,P245000-6X9-9329-P245001-9X13-9509-P245002-10X15-95459.png,1
P45/0490C,Moldura em Prata Retangular Criança Bonecos,P450490C-6X9-9349-14mm.png,1
P45/0486C,Moldura em Prata Retangular Criança Bonecos,P450486C-13X18-9499-14mm.png,1
P45/0490,Moldura em Prata Retangular Criança Bonecos,P450490-6X9-9329-P450492A-15X10-9489-P450492-10X15-9489-14mm.png,1
P17/0442,Moldura em Prata Retangular Criança Classic,P170442-10X15-940-14mm.jpg,1
P45/0501,Moldura em Prata Retangular Criança Elefantes,P450501-9X13-9369-14mm.png,1
P45/0231,Moldura em Prata Retangular Criança Floresta,P450231-10X15-9489-P450231C-9529-22mm.png,1
P24/5022,Moldura em Prata Retangular Criança Nascimento,P245022-10X15-9529-7mm.png,1
P45/0235C,Moldura em Prata Retangular Criança Palhaço,P450235C-15X10-9799-22mm.png,1
P45/0237,Moldura em Prata Retangular Criança Ratinhos,P450237-10X15-9489-22mm-P450237M-9509.png,1
P45/0510,Moldura em Prata Retangular Criança Urso,P450510-6X9-9359-14mm.png,1
P24/3004C,Moldura em Prata Retangular Criança Urso,P243004C-10X15-9389-243005C-15X10-9389-7mm.png,1
P15/0528,Moldura em Prata Retangular Cruzes,P150528-10X15-47-14mm.png,1
P45/0530,Moldura em Prata Retangular Cruzes,P450530-E-34531-D-43532-C-50533-B-62534-S-69535-A-79-14mm.png,1
P17/0120N,Moldura em Prata Retangular Executivo Cruzes,P170120N-13X18-9809-14mm.png,1
P17/0110N,Moldura em Prata Retangular Executivo Laços,P170110N-13X18-9809-14mm.png,1
P15/0622,Moldura em Prata Retangular Flor,P150622-A-22mm-9879-150623-N-9869-1.png,1
P15/0503,Moldura em Prata Retangular Flor de Liz,P150152-9X13-9439-11mm.png,1
P45/0121,Moldura em Prata Retangular Florzinhas,P450121-B-9399-450122-S-94359-450123-A-96059.png,1
P45/0160,Moldura em Prata Retangular Folhas,P450160-C-9339-450162-S-946916mm.png,1
P42/0305,Moldura em Prata Retangular Laço,P420305-9X13-9259-15mm-22-mm.png,1
P17/0410,Moldura em Prata Retangular Laço,P170410-10X15-9369.png,1
P50118404LL,Moldura em Prata Retangular Largura a Rombus,P50118404LL-06LL-008LL-2.png,1
P45/0206,Moldura em Prata Retangular Leque,P450206-B-94359-450207-S-95159-450208-A-9619-22mm.png,1
P42/0404,Moldura em Prata Retangular Lisa,P420404-6X9-9189-15cm-2cm.png,1
P0842A,Moldura em Prata Retangular Lisa,P0842A-9639S-9579B-9449C-9369-SIMB.png,1
P45/0100,Moldura em Prata Retangular Lisa,P450100-C-64-101-B-83-102-S-94-103-A-109-2.png,1
P0840A,Moldura em Prata Retangular Lisa,P0840A.png,1
P0958A,Moldura em Prata Retangular Lisa,P958A.png,1
P1889A,Moldura em Prata Retangular Lisa,P1889A-9459-B-9349-C-9299-1.png,1
P5067105LL,Moldura em Prata Retangular Lisa,P5067105LL-10X15-12cm-405E-1.png,1
P5017105LL,Moldura em Prata Retangular Lisa,P5017105LL-10X15-9539.png,1
P0872,Moldura em Prata Retangular Lisa,P0872B-9349-C-92959-E-9199-BQ-9295-DQ-9259-EQ-9189-1.png,1
P0989N,Moldura em Prata Retangular Lisa,P0989N-9759A-9719S-58-B-9499-C-9389-1.png,1
P45/0400,Moldura em Prata Retangular Lisa,P450400-E-36401-D-53-402-C-59403-B-74404-S-82405-A-95.png,1
P0971B,Moldura em Prata Retangular Lisa,P971B-13X18.png,1
P55A,Moldura em Prata Retangular Lisa,P55A-25cm-9819-B-9599-25cm-C-2cm-9459-ss.png,1
P17/0400,Moldura em Prata Retangular Lisa,P170400-10X15-9369.png,1
P101A,Moldura em Prata Retangular Lisa,P101A-3cm-9979-P101B-9739-1.png,1
P24/0113,Moldura em Prata Retangular Lisa,P240113-10X15-9409-05mm.png,1
P81,Moldura em Prata Retangular Lisa,"ChatGPT Image Feb 16, 2026, 05_35_55 PM.png | P81C.png",2
P24/01122,Moldura em Prata Retangular Lisa Dupla/tripla,P2401122-6X9-9449-DUPLA-05mm.png,1
P092A,Moldura em Prata Retangular Lisa Picotada,P092-PhotoRoom.png,1
P0866A,Moldura em Prata Retangular Lisa Plana,P0866A-9659-B-9439-C-9359-1.png,1
P0813A,Moldura em Prata Retangular Martelada,P0813A-9719-B-9509-C-9379-1.png,1
P260LA,Moldura em Prata Retangular Martelada,P260LA-9599-P260LB-9479.png,1
P0836S,Moldura em Prata Retangular Martelada,P0836S-9609-B-9419-C-9359.png,1
P0957A,Moldura em Prata Retangular Martelada,P0957A-4cm-9969-B-9789-3cm-C-9589-25cmORIGINALpng.png,1
P84B,Moldura em Prata Retangular Martelada,P84B-9599C-93559-1.png,1
P102A,Moldura em Prata Retangular Martelada,P102 MARTELADA.jpeg,1
P45B,Moldura em Prata Retangular Martelada Picotada,P45B-9569C-9419.png,1
P0843A,Moldura em Prata Retangular Martelado,P0843A-9579-B-9449C-9329-ss.png,1
P1881A,Moldura em Prata Retangular Picotada,P1881A-9519-S-9449-B-13X18-9399-C-9289-1.png,1
P261LA,Moldura em Prata Retangular Picotada,P261LA-9599-P261LB-9479.png,1
P0844A,Moldura em Prata Retangular Picotada,P844A-9609-B-9469C-9339-.png,1
P15/8270,Moldura em Prata Retangular Picotada,P158270-6X9-9409-11mm.png,1
P17/1800,Moldura em Prata Retangular Picotada,P171800-6X9-9229-11mm.png,1
P45/8400,Moldura em Prata Retangular Picotada,P458400-6X9-9389-14mm.png,1
P24/1113,Moldura em Prata Retangular Picotada,P241113-10X15-9409-0.5mm.png,1
P45/0200,Moldura em Prata Retangular Plana Lisa,P450200-C-89201-B-106202-S-121-203-A-138-22mm.png,1
P0867A,Moldura em Prata Retangular Plana Picotada,P0867A-9619-B-9429-C-9349-1.png,1
P45/0420,Moldura em Prata Retangular Rosas,P450420-E-91959450421-D-92559450422-C-9309-14mm.png,1
P45/0470,Moldura em Prata Retangular Tracejada,P450470-6x9-9209-14mm.png,1
P45/0110,Moldura em Prata Retangular Tracejado,P450110-10X15-9289-P450111-13X18-9399-16mm.png,1
P45/0410,Moldura em Prata Retangular Trança,P450410-E-91959-450411-D-92559450413-B-9369-14mm.png,1
P24/2110,Moldura em Prata Retangular Trança,P24-2112.jpg,1
P2925,Moldura em Prata Retangular Vistosa,P2925-C-41E-P2925-1-B-60E-P2925-2-N-94E.png,1
B36/7001,Moldura Fim de Curso,B36-7001.png,1
B17/1249,Moldura Flores Camilletti,Copilot_20260324_153417.png,1
B3630BAZ,Moldura Gato,B3630BAZ.jpg,1
B3630,Moldura Gato,B3630BAZ.jpg | B3630DNAZ.jpg,2
A286,Moldura Gato,A286.jpg | A286DRO.jpg,2
B3670DR,Moldura Gato Borboletas,B3670DR.jpg,1
B4420,Moldura Gato Estrelas,B4420BRO.jpg | B4420DRO.jpg,2
B2220DAZ,Moldura Laço,B2220DAZ-BAZ.png,1
B3300BAZ,Moldura Laço,B3300BAZ.png,1
B2911BR,Moldura Laço Branco,B2911B.jpg,1
A135A,Moldura Linha Liso,A135.png,1
A134A,Moldura Linha Martelada,A134.png,1
B26/4810,Moldura Lisa Casamento,B26-4810.jpg,1
AE6024,Moldura Lisa com Relevo,AE6024.jpg,1
A1190,Moldura Lisa e Picotado,A1190-15-10-9-7-5-Photoroom.jpg | A1190-15-10-9-7-5-Photoroom (2).jpg | A1190.jpg,3
A2060,Moldura Liso,A2060.jpg,1
A1030,Moldura Liso,A1030-10-15-20 LISO-Photoroom.jpg | A1030.jpg,2
B1314AL,Moldura Liso,B1314AL.png,1
A2010,Moldura Liso,A2010.jpg,1
B1637A,Moldura Margaritas,B1637.png,1
B26/4830,Moldura Martelada Casamento Casamento,B26-4810.jpg | B26_4780.jpg | B26-8581.jpg | B26-8587.png | B26-8594.png | B26-8590.png | B26-8596.png | B26-8521_B26-8522_B26-8523.jpg | B26-8544_B26-8545.jpg | B26-8584.jpg | B26-8526_B26-8527_B26-8528_B26-8529.png,11
AE6019,Moldura Martelado,AE6019.png,1
B1624A,Moldura Martelado,B1624.png,1
B1298S,Moldura Martelado,B1298S.png,1
B1316NL,Moldura Martelado,B1316.png,1
B1506/4,Moldura Martelado,B1506-4.png,1
B5683N,Moldura Martelado,B5683N.png,1
AE6208,Moldura Martelado,AE6208.jpg,1
B1299S,Moldura Martelado,B1299S.png,1
B1600A,Moldura Martelado Forte,B1600A.png,1
B3631,Moldura My Family Gato,B3631SAZ.jpg,1
B17/1282,Moldura Nascimento,B17_1282.jpg,1
B2664BL,Moldura Nascimento,B2664BLRO-DLRO.png | B2664BLAZ-DLAZ.png | B2664BLRO.png | B2664BLAZ.png,4
B2671,Moldura Nascimento,B2671BR.png | B2671.png,2
B2668DL,Moldura Nascimento,B2668DL.png,1
B2667,Moldura Nascimento,B2667.png | B2667AZ.png | B2667R.png,3
B3760,Moldura Nascimento,B3760D-B NASCIMENTO.jpg | B3760B_B3760D.jpg,2
B2664DL,Moldura Nascimento,"",0
A241,Moldura Nascimento,A241B_A241C.jpg | A241B.jpg,2
A239,Moldura Nascimento,A239B_A239C.jpg | A239B.jpg,2
B17/1283,Moldura Nascimento,B17_1283_AZUL.jpg,1
B1699A,Moldura Ondas do Mar,B1699A.png,1
B1312A,Moldura Oval de Aniversário Casamento,B1312A.jpg | B1312A-50.jpg | B1312A-25.jpg,3
P16/0510,Moldura Oval Flores Prata,P160510-5X6-8mm-9139.png,1
P16/0410,Moldura Oval Liso Prata,P160410-5X6-8mm-9239.png,1
P18/12013,Moldura Prata,P1812013-C-PLACA-TRIPLA-6X9-91599-11mm.png,1
P12/8015,Moldura Prata Casamento,P12-8015.jpg,1
P15/01913,Moldura Prata Conchas,P15-01913.png,1
P1898B,Moldura Prata Lisa,PhotoRoom-P1898B-C.png | PhotoRoom-P1898B-C.png,2
P81C,Moldura PRATA Nossa Senhora de FATIMA,P81CF.jpg,1
P14/0210,Moldura Prata Redonda Lisa,P140210-D5-91559.png,1
P14/0622,Moldura Prata Redondo Grega,P140622-D.8-7mm.png,1
P14/8210,Moldura Prata Redondo Picotado,P148210-D.5-7mm-91559.png,1
P1896B,Moldura Prata Retangular,PhotoRoom-P1896A-B-C.png | PhotoRoom-P1896A-B-C.png,2
P15/0617M,Moldura Prata Retangular,p150617m.jpg,1
P15/0609,Moldura Prata Retangular,"ChatGPT Image Mar 17, 2026, 11_16_59 AM.png",1
P15/0309G,Moldura Prata Retangular,P150309G-9X13-9299-17mm.png,1
P15/0432,Moldura Prata Retangular Clássica Lisa,P150432-C-625-433-B-74-434-S-83.png | P150432-C-625-433-B-74-434-S-83.png,2
P15/0442,Moldura Prata Retangular Clássica Picotada,P150442-10X15-625-17mm.png,1
P15/0630,Moldura Prata Retangular com Flores,P150630-B-22mm-9609150632-A-9759-1.png,1
P15/0505,Moldura Prata Retangular Concha,P150505-10X15-9409.png,1
P15/03002,Moldura Prata Retangular Dupla Lisa,P1503002-6X9-9769-14mm.png,1
P15/0171,Moldura Prata Retangular Flores,P150171-A-11mm-94059.png,1
P15/0215,Moldura Prata Retangular Folha,P150206-15X20-9639-11mm.png | P150206-15X20-9639-11mm.png,2
P15/0206,Moldura Prata Retangular Folha,P150206-15X20-9639-11mm.png,1
P15/0604,Moldura Prata Retangular Lisa,P150604-600-601-602-603-22mm.png,1
P15/0270,Moldura Prata Retangular Lisa,P150270-6X9-9409.png,1
P15/0401,Moldura Prata Retangular Lisa,P150401-D-435402-C-505405-A-83.png,1
P15/0300,Moldura Prata Retangular Liso,P150300-6X9-9439-14mm.png,1
P15/0640,Moldura Prata Retangular Nós,P150640-B-22mm-9519150642-A-96659.png,1
P15/0134,Moldura Prata Retangular Palmeira,P150134-E-11mm-92059.png,1
P15/0333,Moldura Prata Retangular Palmeiras,P150333-0.png | P150333-0.png,2
P45/0105,Moldura Prata Retangular Parafusos,P450105-C-64106-B-83-107-S-94-108-A-109-16mm.png,1
P15/8301,Moldura Prata Retangular Picotada,P158301-9X13-9569-14mm.png,1
P15/83002,Moldura Prata Retangular Picotada,P1583002-6X9-9769-DUPLA-14mm.png,1
P15/0107,Moldura Prata Retangular Rosas,P150100-101-108-105-107.png,1
P15/0236,Moldura Prata Retangular Rosas,P150236-6X9-20-11mm.png,1
P15/0100,Moldura Prata Retangular Rosas,P150100-6X9-91859-11mm.png | P150100-6X9-91859-11mm.png,2
P15/03003,Moldura Prata Tripla Lisa,P1503003-6X9-91109-14mm.png,1
B2350BLAZ,Moldura Príncipe,B2350BLAZ MOLDURA.jpg,1
B5587D,Moldura Rombus,B5587.png,1
B3408,Moldura Sino,B3408ERO.jpg | B3408EAZ.jpg,2
A9150/10,Moldura Tripla Com Placa,A9150-10C-15C CASAMENTO 50ª-Photoroom.jpg | A9150-10V-15V CASAMENTO 25ª-Photoroom.jpg | A9150-15V.jpg | A9150-15C.jpg | A9150-15A.jpg,5
B8113B/25,Moldura Tripla Com Placa,B8113B-25.jpg,1
P18/12213,Moldura Tripla com Placa Prata,P1812213-C-PLACA-TRILPA-6X9-91599.png,1
P18/12013-S,Moldura Tripla Prata,P18-12013.png,1
A285,Moldura Urso,A285DRO.jpg | A285.jpg,2
A3460/10B,Moldura Urso,A3460-10B.jpg | A3460_10B.jpg,2
B4440BL,Moldura Urso Corações,B4440BL-ACABAR.jpg | B4440BL.png,2
B4410DRO,Moldura Urso Corações,B4410DRO.jpg,1
B4410BRO,Moldura Urso Corações,B4410BRO.jpg,1
B3100,Moldura Urso Flor,B3100BLRO.png | B3100BLAZ.png,2
B4400DRO,Moldura Urso Flores,B4400DRO.jpg,1
B4430DL,Moldura Urso Flores Laranja,B4430DL.jpg,1
B4430BL,Moldura Urso Flores Laranja,B4430BL.jpg,1
BN250S,Nossa Senhora de Fátima,BN250S.jpg,1
BN251,Nossa Senhora de Fátima,BN251.jpg,1
A7000F,Nossa Senhora de Fátima,A7000F-Photoroom.jpg,1
BN559FG,Nossa Senhora de Fátima Dourado,BN559FG.jpg,1
P2P0010,Ovo,"P2P0010 - 2,5X2.jpg",1
AE6115CSN,Pack de 3 Moldura s,AE6115CSN.png | AE6115CSN-Photoroom.jpg,2
B16/7317,Peça de decoração cómoda,B16-7317.png,1
BA6000M,Peça de Decoração Cómoda,BA6001M.png | BA6000M.jpg,2
BA534,Peça de decoração de cómoda,BA534.jpg,1
B3993,Peça de decoração Mãe,B3993PAZ-Photoroom.jpg | B3993PRO.jpg,2
B2361PBR,Pega-Chupeta,B2361PBR.png,1
B2371PRO,Pega-Chupeta Borboletas,B2371PRO.png,1
B2363BR,Pega-Chupeta Borboletas,B2363BR.png,1
AK2067,Pega-Chupeta Urso,AK2067-04 PERFUMADOR 13X8cm.jpg | AK2067-06 PERFUMADOR 13X8cm.jpg | AK2067-05 PERFUMADOR 13X8cm.jpg,3
B2373PSAZ,Pega-Chupeta Urso,B2373PSAZ.png,1
B27/7270,Perfumador,B277270-Alt.12cm.jpg | B27-7270.png,2
AE6356,Perfumador,AE6356- 5.5X10-PERFUMADOR-Photoroom.jpg,1
AE6360,Perfumador,AE6360 - 7.5X7 PERFUMADOR.jpg,1
AE6292,Perfumador,AE6292 - 7.5X8.5PERFUMADORES.jpg,1
AE6300,Perfumador,AE6300 - 7.5X8.5 PERFUMADOR.jpg,1
AK2065,Perfumador Ambientador,AK2065-01BI.jpg | AK2065-01RO jpg.jpg | AK2065-02BI-D.8.jpg | AK2065-02RO-D.8CM.jpg,4
B27/7274,Perfumador Ambientador,B277274-Alt.30cm.jpg | B277274-h.30cm-Photoroom.jpg | B27-7274.png,3
B27/7264,Perfumador Ambientador,B277264.jpg | B27-7264.png,2
B27/7265,Perfumador Ambientador,B277265.jpg | B27-7265.png,2
B27/7266,Perfumador Ambientador,B277266-B277263-1-Photoroom.jpg | B27-7266.png,2
B27/7267,Perfumador Ambientador,B277267.jpg | B27-7267.png | B27-7262_to_B27-7267_composite.png,3
B27/7263,Perfumador Ambientador Pétalas,B277263-Photoroom.jpg | B27-7263.png,2
B27/7269,Perfumador Ambientador Pétalas,B277269-Alt.12cm.jpg | B27-7269.png,2
B27/7262,Perfumador Ambientador Pétalas,B277262-B277265.jpg | B27-7262.png | B27-7262_to_B27-7267_composite.png,3
AK2075,Perfumador com Flores,AK2075-8 CONJ.PERFUMADOR .jpg | AK2075-01G PERFUMADOR D.9X10cm.jpg | AK2075-03G PERFUMADOR D.9X10cm.jpg | AK2075-04G PERFUMADOR D.9X10cm.jpg | AK2075-02G PERFUMADOR D.9X10cm.jpg,5
AK1814,Perfumador Rosa,AK1814-12 CONJUNTO PERFUMADOR.jpg | AK1814-01G ROSA GR PERFUMADOR D.10CM.jpg | AK1814-03G ROSA GR PERFUMADOR D.10CM.jpg | AK1814-02P MARGARITA PQ PERFUMADOR D.10CM.jpg | AK1814-02G MARGARITA GR PERFUMADOR D.10CM.jpg,5
AK2216,Perfumador Rosa Claro,AK2216-06 KIT.jpg | AK2216-01AV  8X8.jpg | AK2216-01RS  8X8.jpg | AK2216-6-KIT.jpg,4
P001,Pergaminho Prata Batismo,P001AZ.jpg | P001RO.jpg,2
B7735,Pingente para Telemóvel,B7735.png,1
A422T,Placa Com Suporte Casamento,A422T-50.jpg | A422T-25.jpg,2
B1372T/25,Placa Com Suporte Casamento,B1372T-25.jpg,1
B1382T,Placa Com Suporte Casamento,B1382T-OO-Photoroom(1).jpg | B1382T-Photoroom(1).png | B1382T-00D.jpg | B1382T-00.jpg,4
A431T/50,Placa Com Suporte Casamento,A431T-50.jpg,1
A421T/25,Placa Com Suporte  Casamento,A421T-25.jpg,1
P001G,Placa de Casamento,P001G.jpg,1
P004P,Placa de Casamento,P004P.jpg,1
A371T,Placa para Gravação,A371T.png,1
B9106,Placa para Gravação com Madeira,B9106.jpg,1
B9105,Placa para Gravação com Madeira,B9105.jpg,1
B9102,Placa para Gravação com Madeira,B9102.jpg,1
P56/9031,Placa Prata Oval para Gravação,P569031-45X25-9879.png,1
P18/0710,Placa Prata Retangular com Madeira,P180710-13X18-1855-P180624-9X13-91209.png,1
P50/0401,Placa Prata Retangular com Madeira,P500401-9X13-91789-P500402-10X15-92039.png,1
P56/9021,Placa Prata Retangular Ondas para Gravação,P569021-3X2-9479.png,1
P50/0105,Placa Prata Retangular Parafusos com Madeira,P500105-10X15-91659.png,1
P56/9001,Placa Prata Retangular para Gravação,P569001-45X35-9159.png,1
P56/9003,Placa Prata Retangular para Gravação,P569003-4X15-9559.png,1
P56/9040,Placa Prata Retangular para Gravação,P569040-4X25-9759.png,1
P56/9010,Placa Prata Retangular Picotada para Gravação,P569010-3X15-9459.png,1
P18/0801,Placa Retangular Pergaminho em Prata com Madeira,P180801-9X13-91159-0802-10X15-91369-0803-13X18-92029.png,1
B40/0134,Porta-Canetas,B40_0049.jpg | B40-0087.jpg | B40-0086.jpg,3
P7510,Porta-Canetas com Relógio,P7510-115X9-Porta-canetas-32E.png | P7510.png,2
B40/0136,Porta-Cartas,B40_0049.jpg | B40-0087.jpg | B40-0086.jpg,3
P4801,Porta-Cartas em Prata,P4801-PORTA-CARTAS-29E.png | P4801-PORTA-CARTAS-29E.png,2
P3563,Porta-CD em Prata,P3563-14X145-PORTA-CD-33E.png,1
,Porta-CD em Prata,"",0
P506,Porta-Charuto em Prata,P506-14x4-porta-charruto-166E.png,1
R704,Porta-Chaves,R704_detail.jpg | R704_display.jpg,2
B6728,Porta-Chaves Comunhão,B6728.png,1
B6740,Porta-Chaves Comunhão,B6740.png,1
B6727,Porta-Chaves Comunhão,B6727.png,1
B7733,Porta-Chaves Macaco,B7733.png,1
B7734,Porta-Chaves Urso,B7734.png,1
A237PA,Porta-Chupeta,A237PA.jpg,1
B2381PBR,Porta-Chupeta,B2381PBR.png,1
A958PAZ,Porta-Chupeta,A958PAZ-PRO - PORTA CHUPETA.jpg,1
A861,Porta-Chupeta,A8619-10.jpg | A8619-02.jpg | A8619-03.jpg | A861PAZ.jpg | A861PRO.jpg,5
A231P,Porta-Chupeta,A231P.jpg,1
A237PR,Porta-Chupeta,A237PR.jpg,1
A236PR,Porta-Chupeta,A236PR.png,1
A3463/01B,Porta-Chupeta,A3463-01B.png | A3463-01B-P.CHUPETA.jpg,2
A3233/01R,Porta-Chupeta,A3233-01R.jpg,1
A3233/01C,Porta-Chupeta,A3233-01C P.CHUP-Photoroom(1).jpg | A3233-01C.jpg,2
A902,Porta-Chupeta,A902PAZ.jpg,1
A938,Porta-Chupeta,A938PRO.png,1
A755,Porta-Chupeta,A755PAZ.png,1
B3072,Porta-Chupeta,B3072PRO.jpg,1
B3144PBR,Porta-Chupeta,B3144PBR.png,1
B3679PBR,Porta-Chupeta,B3679PBR.png | B3679PBR.jpg,2
B3619PRO,Porta-Chupeta,B3619PRO.jpg,1
A932PRO,Porta-Chupeta,A932PRO.png,1
B3737BR,Porta-Chupeta,B3737BR.jpg,1
B2899BR,Porta-Chupeta Batismo,B2899BR.png,1
B2731PBR,Porta-Chupeta Batismo,B2733BR_B2732SBR_B2731PBR.png,1
A926PBR,Porta-Chupeta Batismo,A926PBR.png,1
P21/0002C,Porta-Chupeta Prata,P210002C-9119.png,1
A3075,Porta-Dentinho,A3075-02R.jpg | A3075-02C.jpg | A3075-02R CX. DENTINHO MADEIRA.jpg | A3075-02C CX-Photoroom.jpg,4
A3465/06C,Porta-Dentinho,A3465-06C.jpg | A3465-06C-CX 1ºDENTE.jpg,2
A3085,Porta-Dentinho,A3085-02C.jpg | A3085-03R.jpg | A3085-02R.jpg | A3085-03C.png | A3085-02R CX. DENT-Photoroom.jpg | A3085-02C CX. DENT.MADEIRA.jpg,6
A3465/06R,Porta-Dentinho,A3465-06R.jpg | A3465-06R-CX 1ºDENTE.jpg,2
B6868,Porta-iPad Pele Comunhão,B6868.png,1
B43736,Porta-Lápis com Música,B43736.jpg,1
A7015/01,Porta-Rosário Comunhão Madeira,A7015-01.jpg,1
A7036/01,Porta-Rosário Comunhão Madeira,A7036-01.png,1
A7035/01,Porta-Rosário Comunhão Pele,A7035-01.png,1
A7016/01,Porta-Rosário Comunhão   Pele,A7016-01.jpg,1
BA4787M,Porta-Velas,BA4788M_BA4787M.png | BA4787M.jpg,2
P02/3000,Porta-Velas com Prata,P023000-7X15-9369-P.VELAS_.png,1
P02/3107,Porta-Velas Madeira com Prata,P023106-E-P023107.png,1
P02/3100,Porta-Velas Madeira com Prata,P023100-E-P023101.png,1
P02/3120,Porta-Velas Madeira com Prata,P023120-20cm-94759-1.png,1
P02/3207,Porta-Velas Madeira com Prata,P023207-P023206.png,1
B090379,Porta-Velas Perfumada,B090379 -PORTA VELA PERFUMADA.png,1
P1508,Porta-Velas Prata,P1508-PORTA-VELAS.jpg | P1508-PORTA-VELAS.jpg,2
P1654,Porta-Velas Prata,P1654-alt.9cm-base85cm-9599.png,1
P1653,Porta-Velas Prata,P1653-alt11cm-base10cm-9889.png,1
BA1227M,Porta-Velas Quadrado,BA1227M PORTA VELAS.jpg | BA1227M.jpg,2
BA1225M,Porta-Velas Redondo,BA1225M.jpg | BA1225M-Photoroom.jpg,2
B17/3357,Prato Casamento,B17-3357.jpg,1
P33TR.27,Prato Decorativo,P33TR.27-Diam.-145cm-27E-PRATOfundo.png,1
PP2726,Pulseira Dezena Prata,PP2726 =PP5326.jpg,1
PP5322,Pulseira Dezena Prata,PP5322-Photoroom(1).jpg,1
PP5321,Pulseira Dezena Prata,PP5321-Photoroom.jpg,1
B15/5231,Quadro,B155231.jpg,1
B27/6480,Quadro,B276480-81-82ANJOS.jpg,1
B15/5229,Quadro,B155229.jpg,1
B38/5129,Quadro,B38-5129.png,1
B38/5112,Quadro,B385112 MAE E FILHO.jpg,1
B15/5178,Quadro,B155178.jpg,1
B15/5260,Quadro,"",0
B38/5126,Quadro Imagem de Anjos,B38-5126.png,1
B1564M,Quadro Madeira Comimagem Sagrada Família,B1564M.jpg,1
B15/5265,Quadro   Nossa Senhora,B155265.jpg,1
B10687,Recordação de Comunhão,B10687.jpg,1
B1898-04G,Recordação de Comunhão,B1898-04G-IMAGEM COMUNHÃO 5.5X10.jpg,1
B10689,Recordação de Comunhão,B10689.jpg,1
B10683,Recordação de Comunhão,B10683.jpg,1
B10682,Recordação de Comunhão,B10682.jpg,1
B7760,Relógio de Bolso com Caixa,B7760.png,1
P07/0201,Relógio Despertador em Prata Capela,P070201-6X9-25.png,1
P07/1213,Relógio Despertador em Prata Capela,P071213-10X15-9429.png,1
P07/9221,Relógio Despertador em Prata Capela com Pêndulo Picotado,reloj-pendulo-capela-perlas-P079221-6x9-9309-.jpg,1
P07/1220,Relógio Despertador em Prata Capela Picotado,relo-capela-perlasP071220-4.5X6-9259-1221-6x9-9299-.jpg,1
P07/1203,Relógio Despertador em Prata Capela Rosinhas,Reloj.Despertador-rosinhas-P071203-10x15-95459.png,1
P06/0411,Relógio Despertador em Prata Oval Liso,reloj-ovalado-liso-P160411-6X9-9259.jpg,1
P06/0810,Relógio Despertador em Prata Oval Picotado,reloj-ovalado-perlas-P060810-5x6-9259-p060811-6x9-9269.jpg,1
P43/404,Relógio Despertador em Prata Retangular,P430404-6X9-22mm-9259.png,1
P47/0460,Relógio Despertador em Prata Retangular,reloj-rectangular-paralelo-P470460-6X9-93659.jpg,1
P43/0304,Relógio Despertador em Prata Retangular,reloj-rectangular-P430304-6x9-P430305-9x13-2-scaled.jpg,1
P47/9470,Relógio Despertador em Prata Retangular com Pêndulo,reloj-pendulo-canaletas-P479470-6X9-93659-P479471-9X13-93959.jpg,1
P47/9531,Relógio Despertador em Prata Retangular com Pêndulo Cruzes,P479531-Relogio-desp.pendulo.png,1
P47/9801,Relógio Despertador em Prata Retangular com Pêndulo Picotado,reloj-pendulo-perlas-P479801-9X13-93959.jpg,1
BA1765,Rosa Dourada,BA1765YR ROSA1.jpg | BA1765RR ROSA -1.jpg | BA1765B ROSA COR AZUL.jpg,3
BA2058,Rosa Perfumadora Mini,BA2058-Y-1024x1024.jpg | BA2058-W-1024x1024.jpg | BA2058-S-1024x1024.jpg | BA2058-RS-1024x1024.jpg | BA2058-RR-2-1024x1024.jpg | BA2058-R-1024x1024.jpg | BA2058-P-1024x1024.jpg | BA2058-G-1024x1024.jpg | BA2058-BS-1024x1024.jpg | BA2058-B-1024x1024.jpg,10
BA1847,Rosa Perfumadora Prata,BA1847R1-.png | BA1847S-.png,2
B3660SBR,Saco Porta-Chupeta,B3660SBR.jpg,1
A237SA,Saco Porta-Chupeta,A237SA.jpg,1
A856,Saco Porta-Chupeta,"ChatGPT Image Mar 18, 2026, 04_34_36 PM.png",1
A939,Saco Porta-Chupeta,A939SAZ.jpg,1
A3233/02C,Saco Porta-Chupeta,A3233-02C SACO P.CHUP.jpg | A3233-02C.jpg,2
A933,Saco Porta-Chupeta,A933SRO.jpg,1
A903,Saco Porta-Chupeta,A903SRO.jpg,1
A787SAZ,Saco Porta-Chupeta,A787SAZ.png | A787SAZ-SRO-PhotoRoom.png,2
A3463/02B,Saco Porta-Chupeta,A3463-02B.png | A3463-02B SACO P.CHUPETA.jpg,2
A794SBR,Saco Porta-Chupeta,A794SBR.jpg,1
A3233/02R,Saco Porta-Chupeta,A3233-02R SACO P-Photoroom.jpg | A3233-02R.jpg,2
B3115SAZ,Saco Porta-Chupeta,B3115SAZ.png,1
B3534SBR,Saco Porta-Chupeta,B3534SBR SACO 96-Photoroom.png | B3534SBR.png,2
B3073SRO,Saco Porta-Chupeta,B3073CAZ.png,1
B3155BR,Saco Porta-Chupeta,B3155BR.png,1
B2382SBR,Saco Porta-Chupeta,B2382SBR.jpg,1
B3125,Saco Porta-Chupeta,B3125SAZ-RO-Photoroom.png | B3125SRO.png,2
A966SAZ,Saco Porta-Chupeta,A966SAZ SACO.jpg | A966SAZ.png,2
B3984,Saco Porta-Chupeta,B3984SRO.png,1
B3640,Saco Porta-Chupeta,B3640SAZ.jpg,1
A236SA,Saco Porta-Chupeta,A236SA.jpg,1
A236SR,Saco Porta-Chupeta,A236SR.jpg,1
A237SR,Saco Porta-Chupeta,A237SR.jpg,1
B4422,Saco Porta-Chupeta,B4422SAZ.png | B4422SRO.jpg,2
B3540SBR,Saco Porta-Chupeta,B3540SBR.jpg,1
B3145SBR,Saco Porta-Chupeta,B3145SBR.png,1
A862,Saco Porta-Chupeta,A862SRO.jpg,1
A756,Saco Porta-Chupeta,A756SRO.jpg,1
B3680SBR,Saco Porta-Chupeta,B3680SBR.jpg,1
A1434MO,Sagrada Família,A949MO PRESEPIO GRANDE.jpg,1
BA3290MO,Sagrada Família,BA3290MO-H.13cm.jpg,1
A949MO,Sagrada Família,A949MO PRESEPIO GRANDE.jpg,1
P2715,Salva de Prata,P2715-25.jpg | P2715-50.jpg,2
P74893,Salva em Prata Redonda,P74893-D.10cm-9599-FUNDO-D.8cm.png,1
P01/2701,Salva em Prata Retangular,P012701-145X95-9759-P012702-165X115-99459-P87270-125X8-9589.png,1
P74861,Salva em Prata Retangular,P74861-15X115-912759-P74862-92459.png,1
P01/0403,Salva em Prata Retangular,P010403-21X16-.png,1
P01/1702B,Salva em Prata Retangular,P011702B-115X165-99459.png,1
P74875,Salva em Prata Retangular,P74875-21X105-91299.png,1
P74890,Salva em Prata Retangular,P74890-16X11-91149.png,1
P41/0302,Salva em Prata Retangular,P410302-135X18-9959.png,1
P74866,Salva em Prata Retangular,P74866-17X13-91749-P74865-12X9-9669.png,1
P01/0701,Salva em Prata Retangular Lisa,P010701-9.5X14-9689-P010702-115X165-9949-P010703-135X185-91389.png,1
P01/0602,Salva em Prata Retangular Lisa,P010601-115X16.5-99759-P010603-135X185-91449.png,1
P74892,Salva em Prata Retangular Lisa,P74892-15X95-9889.png,1
BA1975-03,Salva-Gotas,BA1975-03.png | BA1975-03-SALVA GOTA.jpg,2
BN558,Santo António,BN558.jpg,1
BN700XA,Santo António,BN700XA.jpg,1
B1553,Santo António,B1553.jpg,1
P02/4052,Solitário Madeira com Prata,P024052-24cm-96659.png,1
P02/4051,Solitário Madeira com Prata,P024051-24cm-96659.png,1
P02/4050,Solitário Madeira com Prata,P024050-Alt.22cm-9639.png,1
BA1974,Suporte Comcaneta Fim de Curso,BA1974-03-Photoroom.jpg | BA1974-04-Photoroom.png | BA1974-01-Photoroom.png,3
B27/7259,Suporte em Vidro para Vela,B277259-H.30cm.jpg | B277259 H.30cm.jpg | B27-7259.png,3
P02/1080,Tabuleiro Madeira com Aplicação Prata,P021080-13X23-9359-P021081-17X27-9419.png,1
P02/1065,Tabuleiro Madeira com Aplicação Prata,P021065-7x50-9369.png,1
P02/1090,Tabuleiro Madeira com Aplicação Prata,P021090-13X13-9209-P021091-17X17-9229.png,1
P02/1030,Tabuleiro Madeira com Aplicação Prata,P021030-15x15-9239.png,1
P02/1070,Tabuleiro Madeira com Aplicação Prata,P021070-22X45-9549-TABULEIRO-MADEIRA.png,1
P02/1060,Tabuleiro Madeira com Aplicação Prata,P021060-12X47-9609.png,1
P02/1006,Tabuleiro Madeira com Aplicação Prata,P021006-125X48-07-175X275-9419-08-225X305-9449-09-225X45-9549.png,1
P02/1003,Tabuleiro Madeira com Aplicação Prata,P021003-20X20-9249.png,1
B2087R,Talher de Criança,B2087R.jpg | B2087R-TALHERE-Photoroom.jpg,2
B3682BR,Talher de Criança,B3682BR.jpg,1
A273T,Talher de Criança,A273T.jpg | A273T-1.jpg,2
B3642AZ,Talher de Criança,B3642AZ.jpg,1
A768TBR,Talher de Criança,A768TBR.png,1
A854RO,Talher de Criança,A854RO.png,1
A273RO,Talher de Criança,A273RO.png,1
A789,Talher de Criança,A789TAZ.png,1
A231T,Talher de Criança,A231T.jpg,1
A904RO,Talher de Criança,A904RO.png,1
A796TBR,Talher de Criança,A796TBR.png,1
B3992RO,Talher de Criança Colorido,B3992RO.jpg,1
A929TBR,Talheres Batismo,A929TBR TALHER .jpg | A929TBR.png,2
B3992,Talheres Bebé,B3992RO.jpg,1
BA1002,Talheres de Corte para Bolo,BA1002.png | BA1002.jpg,2
A941AZ,Talheres de Criança,"ChatGPT Image Feb 20, 2026, 06_59_31 PM.png",1
A905,Talheres de Criança,A905RO.png,1
B4425,Talheres de Criança,B4425AZ.jpg | B4425RO.png,2
A935TRO,Talheres de Criança,A935TRO.png,1
A271TAZ,Talheres de Criança,A271TAZ- AZUL.jpg | A271TAZ.jpg,2
A961,Talheres de Criança,A961TAZ-TRO TALHER 1.jpg | A961TAZ.jpg | A961TRO.png,3
A3233/03C,Talheres de Criança,A3233-03C.jpg,1
A237TR,Talheres de Criança,A237TR.png,1
A3233/03R,Talheres de Criança,A3233-03R-Photoroom.jpg | A3233-03R.jpg,2
A236TR,Talheres de Criança,A236TR.png,1
A271T,Talheres de Criança,A271T-BRANCO.jpg | A271TRO- ROSA.jpg | A271TAZ- AZUL.jpg | A271T.jpg | A271TRO.jpg | A271TAZ.jpg,6
A271TRO,Talheres de Criança,A271TRO- ROSA.jpg | A271TRO.jpg,2
A236TA,Talheres de Criança,A236TA.png,1
A237TA,Talheres de Criança,A237TA.png,1
B3602BR,Talheres de Criança,B3602BR.png,1
B2217,Talheres Urso,"ChatGPT Image Mar 18, 2026, 05_01_16 PM.png",1
BN4030,Urso com Música,BN4030AZ.png | BN4030RO.png,2
BN4031,Urso com Música,BN4031RO.png | BN4031AZ.png,2
PVQ2,Vela Prata,PVQ2-argola.png | PVQ2A.png | PVQ2.png,3
PVQ1,Vela Quadrada com Anjo Prata,PVQ1A.png | PVQ1A-argola.png,2
PVELAMFQ,Vela Quadrada Prata,PVELAMFQ.png | PVELAMFQ-A.png,2
PVR2A-P,Vela Redonda com Anjo + 3 Pérolas Prata,PVR2A-perolas.png | PVR2A-perolas-argola.png,2
PVR2A,Vela Redonda com Anjo Prata,PVR2A-perolas.png | PVR2A.png | PVR2A-argola.png | PVR2A-perolas-argola.png,4
PVR2,Vela Redonda Prata,PVR2.png | PVR2-argola.png | PVR2-VELA.jpg | PVR2A-perolas.png | PVR2A.png | PVR2A-argola.png | PVR2A-perolas-argola.png,7
