id,sku,name
153,,PRATA PEÇA DECORATIVA CRISTAL
167,P15/01913,Porta Retrato Triplo Conchas
340,P102A,Moldura Prata Rectangular Martelada
341,P092A,Moldura Prata Rectangular Lisa Picotada
442,,PORTA RETRATO OVAL
472,BO90379,Porta Vela Perfumada
474,A1869,Mini Rosa Perfumada
479,B6360,Perfumador
521,BA1M,Anjo Iluminado
587,P2083,Caixa Universal Prata
671,PVRE,Vela Redonda Prata
738,B2664DL,Porta Retrato Nascimento Bilaminado
873,B6810B,Moldura Comunhão Bilaminada
875,B6817,Moldura Comunhão GBG
876,B6818,Moldura Comunhão GBG
878,B6830,Moldura Comunhão Bilaminada
879,B6831,Moldura Comunhão Bilaminada
880,B6831B,Moldura Comunhão Bilaminada
882,B5918/1634D,Moldura Bilaminada Comunhão
883,B5918D/1634D,Moldura Bilaminada Comunhão
884,B1768-02R,Pendente Comunhão
885,B1898-04G,Pendente Comunhão
886,B2526CXT,Caixa Madeira Comunhão com Terços Menino
887,B2527CXT,Caixa Madeira Comunhão com Terços Menina
888,B2528CXT,Caixa Madeira Comunhão com Terços Menino
889,B2529CXT,Caixa Madeira Comunhão com Terços Menina
890,B6074,Caixa Madeira Comunhão com Terços
898,B6867,Porta iPad Pele c/Aplicação Bilaminado Comunhão
899,B6868,Porta iPad Pele c/Aplicação Bilaminado Comunhão
908,PM1883,Cruz Chapa Prata
909,PM1881,Cruz Chapa Prata
910,PM1879,Cruz Chapa Prata
911,PM1882,Cruz Chapa Prata
912,PCR07160,Cruz Chapa Prata
913,PP2367,Pulseira Dezena Prata
914,PP2365,Pulseira Dezena Prata
915,PP5322,Pulseira Dezena Prata
916,PP5321,Pulseira Dezena Prata
917,PP5326/3,Pulseira Dezena Prata
918,PP5326,Pulseira Dezena Prata
926,EA6159,Imagem Cristo em PVD
944,A15/1,Imagem Sagrada Família PVD
945,B38/5129,Quadro Bilaminado
950,B15/5260,Quadro Bilaminado
954,B1545,Imagem de Mesa Bilaminado NSFátima
956,B1544,Imagem de Mesa Bilaminado
961,B38/5126,Quadro Madeira c/Imagem Bilaminado
1057,B5924A/25,Moldura 25 Anos
1064,P007D,Prata
1097,AE6290/18,Moldura c/Alianças
1384,B2220DAZ,Moldura Laço
1385,B2220BAZ,Moldura Laço
1396,A371T,Placa para Gravação
1397,B36/7001,Moldura Fim de Curso
1398,B1901,Moldura Fim de Curso
1400,BN271MS,Mocho
1401,BN518M,Mocho
1402,BA1259MP,Mocho com suporte de caneta
1403,BA1275MP,Mocho com suporte de caneta
