id,sku,name,description
295,P56/1272A,Agenda com Prata e Pele,Agenda com Prata e Pele - Lâmina 8 x 5 e Agenda 13 x 17. Possibilidade de ter com ou sem bloco de notas. 
162,P2091,Agenda de pele com prata,Agenda de pele com bloco de notas e detalhe de prata
138,B2684DAZ,Album,Bilaminado album com carro
139,B2686DRO,Album,Bilaminado album com flores
704,A6031/20,Álbum Batismo PVD,Álbum 20x25
703,A6081/20,Álbum Batismo PVD,Álbum 20x25
1124,AE6530,Album Casamento,Album Casamento 20X24
1126,B16/9037,Album Casamento Pele c/Alianças,Album Casamento Pele c/Alianças 23x30
1125,B16/9034,Album Casamento Pele Castanha 25 Anos,Album Casamento Pele Castanha 25 Anos 23x30
1127,B16/9027,Album Casamento Pele Castanha c/Alianças,Album Casamento Pele Castanha c/Alianças 35x35
896,B264/2ALB,Album Comunhão Capa de Linho,Album Comunhão Capa de Linho 29X23
894,B2233ALB,Album Comunhão Capa de Linho,Album Comunhão Capa de Linho 29X23
895,B2135ALBL,Album Comunhão Capa de Linho,Album Comunhão Capa de Linho 29X23
897,B2057ALB,Album Comunhão Capa de Linho,Album Comunhão Capa de Linho 29X23
864,A7031/20,Album Comunhão PVD,Album Comunhão PVD 20X25
1204,A272/5B,Álbum Criança,Álbum Criança com Foto PVD 20x25
1186,A271/5AZ,Álbum Criança,Álbum Criança PVD 20x25 Azul
1185,A271/5B,Álbum Criança,Álbum Criança PVD 20x25 Branco
1187,A271/5RO,Álbum Criança,Álbum Criança PVD 20x25 Rosa
1208,A273/5B,Álbum Criança,Álbum Criança PVD 20x25
1212,A274/5B,Álbum Criança,Álbum Criança com Foto PVD 20x25
1026,A148/5,Álbum de Casamento em Pele e PVD,Álbum de Casamento em Pele e PVD
1394,B40/0086,Álbum Fotos Sapo Azul,Álbum Fotos Sapo Azul 20x25
1393,B40/0087,Álbum Fotos Sapo Rosa,Álbum Fotos Sapo Rosa 20x25
1388,B3410,Álbum Fotos Sino,Álbum Fotos Sino 20x25
734,B2670ALB,Álbum Nascimento Bilaminado,Álbum 20x25
727,B3764D,Álbum Nascimento Bilaminado,Álbum 20x25
728,B3761D,Álbum Nascimento Bilaminado,Álbum 20x25
725,B2852,Álbum Nascimento Bilaminado,Álbum 30x30
726,B2854C,Álbum Nascimento Bilaminado Capa Lisa,Álbum 20x25 Capa Lisa
942,P2432,Album Prata Comunhão,Album Prata Comunhão 20X25
919,P2474,Album Prata Comunhão,Album Prata Comunhão 20X25
962,P27/0007,Album Prata Comunhão,Album Prata Comunhão
165,PAL1894,Alfinete Borboleta Esmalte,Alfinete em prata 925 e marcassites com esmalte 5
177,PAL1910,Alfinete Borboleta Esmalte,"Alfinete esmalte em prata 925, com marcassites e perola natural 5"
168,PAL2151-1,Alfinete Borboleta Esmalte,"Alfinete esmalte em prata 925, com marcassites"
178,PAL1914,Alfinete Borboleta Esmalte,"Alfinete esmalte em prata 925, com marcassites e pedra natural 3"
176,PAL1906,Alfinete Borboleta Esmalte,"Alfinete esmalte em prata 925, com marcassites e pedra natural"
179,PAL2131,Alfinete Borboleta Esmalte,"Alfinete esmalte em prata 925, com marcassites e pedra natural 5"
181,PAL2154,Alfinete Borboleta Esmalte,"Alfinete esmalte em prata 925, com marcassites e pedra natural"
182,PAL2124,Alfinete Borboleta Esmalte,"Alfinete esmalte em prata 925, com marcassites e perola natural 4, 5"
175,PAL1892,Alfinete Borboleta Esmalte,"Alfinete em prata 925 e marcassites com esmalte 5, 5"
180,PAL2151,Alfinete Borboleta Esmalte,"Alfinete esmalte em prata 925, com marcassites"
174,PAL1947,Alfinete Borboleta Esmalte,"Alfinete esmalte em prata 925, com marcassites e pedra natural"
166,PAL1926,Alfinete Esmalte,"Alfinete em prata 925, com esmalte de vidro e com marcassites. alfinete com 2, 5"
536,A1462MO,Anjo,"Anjo com dimensões 8xH.6,5"
534,A1821MO,Anjo,"Anjo com dimensões 7xH.13,5"
538,A1467MO,Anjo,"Anjo com dimensões 9xH.10,5"
532,A1822MO,Anjo,"Anjo com dimensões 7xH.13,5"
540,A1466MO,Anjo,"Anjo com dimensões 9xH.10,5"
539,A1461MO,Anjo,"Anjo com dimensões 8xH.6,5"
541,A1463MO,Anjo,"Anjo com dimensões 8xH.6,5"
533,A1823MO,Anjo,"Anjo com dimensões 7xH.13,5"
537,A1465MO,Anjo,"Anjo com dimensões 9xH.10,5"
535,A1824MO,Anjo,"Anjo com dimensões 7xH.13,5"
528,BA21M,Anjo da Guarda,"Anjo da Guarda com dimensões 10,5cm"
531,BA24M,Anjo da Guarda,"Anjo da Guarda com dimensões 18,5cm"
529,BA23M,Anjo da Guarda,"Anjo da Guarda com dimensões 10,5cm"
530,BA25M,Anjo da Guarda,Anjo da Guarda com dimensões 21Cm
525,BA1636M,Anjo da Guarda,"Anjo da Guarda com dimensões H.7,5"
526,BA1639M,Anjo da Guarda,"Anjo da Guarda com dimensões 8,5xH.7"
527,BA20M,Anjo da Guarda,"Anjo da Guarda com dimensões 10,5cm"
518,BA1833,Anjo da Sorte,"Anjo da Sorte Tamanho Alt.6,5"
520,BA16M,Anjo Iluminado,Anjo Iluminado com 11cm altura
522,BN132/E,Anjo Iluminado,Anjo Iluminado com dimensões 9x7
524,BN113MS,Anjo Iluminado,Anjo Iluminado com dimensões 9x7
523,BN071MS,Anjo Iluminado,Anjo Iluminado com dimensões 7x6
517,BA2080,Anjo Novidade,Anjo Novidade
519,BA2155,Anjo Protector,Anjo Protector Tamanho H.8
756,PARG01G,Argola Guardanapo Adulto Prata,"Argola Guardanapo Adulto 6x2,5"
757,PAR001L,Argola Guardanapo Criança Prata,"Argola Guardanapo Criança 4,3x1,5"
759,P2071,Argola Guardanapo Criança Prata,"Argola Guardanapo Criança 4,3x1,5"
758,PAR001-1,Argola Guardanapo Prata,"Argola 4,5x3,5 H.2,5cm"
753,PR004J,Berloque Anjo Prata,Berloque Anjo 8X5
752,PR010,Berloque Anjo Prata,"Berloque Anjo 7,5x4"
754,PBER001-1,Berloque Anjo Prata,Berloque Anjo 5cm
755,PBER001-2,Berloque Anjo Prata,Berloque Anjo 3cm
811,BA540M,Bibelot Águia,Bibelot Águia 18*H.20cm
1424,BN180,Bibelot alcachofra,"Bibelot alcachofra 4,5X2,5"
819,BN181,Bibelot Alho,Bibelot Alho com dimensões 3x3
818,BN184,Bibelot Alho,Bibelot Alho com dimensões 3x4
857,R454,Bibelot animais,Bibelot animais
853,R413,Bibelot Anjo,Bibelot Anjo
833,BN360,Bibelot Cão,Bibelot Cão
814,BN111M,Bibelot Cavalo,Bibelot Cavalo
731,R471,Bibelot Cegonha ,Bibelot Cegonha Nascimento Rosa
838,BN521,Bibelot Cesta,"Bibelot Cesta 4x4,5"
830,BN227,Bibelot decoração,Bibelot jarra flores de decoração
832,BN330,Bibelot duas Maçãs,"Bibelot duas Maçãs 5x2,5"
828,BN215M,Bibelot Elefante,Bibelot Elefante grande 21X9XH.18
854,R425,Bibelot Elefante,Bibelot Elefante
845,BN879,Bibelot Espiral Flor,Bibelot Espiral Flor 13cm
846,BN880,Bibelot Espiral Fruta,Bibelot Espiral Fruta 13cm
1399,BN914MS,Bibelot Fim de Curso,"Bibelot Fim de Curso com dimensões 4,5x6,5"
1398,B1901,Bibelot Fim de Curso,Bibelot Fim de Curso Tamanho 12x13 com altura de 5cm
827,BN212,Bibelot Flores,Bibelot Flores com dimensões 8x8
852,R408,Bibelot Flores,Bibelot Flores 7X11
847,BN886R,Bibelot Flores,"Bibelot Flores com 7,5 cm altura"
858,R500,Bibelot Flores,Bibelot Flores 9X5
823,BN187,Bibelot Fruta,Bibelot Fruta 5x3
816,BN164,Bibelot Ganso,Bibelot Ganso 6x8
856,R451,Bibelot Girassol,Bibelot Girassol
855,R420,Bibelot Joaninha,Bibelot Joaninha com 7x8
844,BN729,Bibelot Laranja,Bibelot Laranja 8x7
836,BN407L,Bibelot Limão,Bibelot Limão 10x6
822,BN186,Bibelot Limão,Bibelot Limão 5x3
841,BN676,Bibelot Lobo,"Bibelot Lobo 5,5XH.7,9"
824,BN188,Bibelot Maçã,Bibelot Maçã 3x3
817,BN185,Bibelot Maçã,Bibelot Maçã com dimensões 4x4
834,BN404S,Bibelot Maçã amarela,Bibelot Maçã amarela 6x6
837,BN506M,Bibelot Mocho,Bibelot Mocho H.21CM
821,BN252,Bibelot Noz,Bibelot Noz com dimensões 4.5x2.5
815,BN163,Bibelot Pato,"Bibelot Pato 9,5x4,4"
835,BN406S,Bibelot Pêra,Bibelot Pêra 10x7
826,BN190S,Bibelot Pêra,Bibelot Pêra 5x3
840,BN672D,Bibelot Romã,Bibelot Romã
839,BN553D,Bibelot Romã,Bibelot Romã
825,BN189,Bibelot Tangerina,"Bibelot Tangerina 4x3,5"
820,BN183S,Bibelot Tomate,Bibelot Tomate com dimensões 3.5x2
842,BN701M,Bibelot Touro,Bibelot Touro
843,BN703M,Bibelot Touro,Bibelot Touro
133,B2680BLAZ,Bilaminado Porta Retrato Criança Carros,Bilaminado porta retrato criança carros
561,B14261,Bola com Neve e Música,Bola com Neve e Música
716,B3794SP,Bolsa e Porta chupeta Cegonha,Bolsa e Porta chupeta Cegonha
1254,A959SAZ,Bolsa Porta Chupeta,Bolsa Porta Chupeta com lâmina em PVD
1238,A766SBR,Bolsa Porta Chupeta,Bolsa Porta Chupeta Branco
1370,B3994,Bolsa Porta-Chupeta,Bolsa Porta Chupeta com imagem lâmina em bilaminado
1380,B2362SBR,Bolsa Porta-Chupeta ,Bolsa Porta-Chupeta branco com desenho de Borboletas
724,B3738BR,Bolsa Porta chupeta Cegonha,Bolsa Porta chupeta Cegonha branca
717,B3793S,Bolsa Porta chupeta Cegonha ,Bolsa Porta chupeta Cegonha 
723,B3733,Bolsa Porta Chupeta Cegonha,Bolsa Porta Chupeta Cegonha
1383,B3106,Bolsa Porta-Chupeta Urso e Flor,Bolsa Porta-Chupeta com desenho de Urso e Flor
546,B20225,Boneca com Cegonha ,"Boneca com Cegonha em Bilaminado
"
70,"",Brinco,Brinco três juntos 
67,PB1234,Brinco prata dourada,Brinco de prata dourada de serpente com brilhante
850,B050321,Búzio decorativo,Búzio decorativo prateado com dimensões 25x10x18
548,B22007,Caixa Bailarina c/Música,"Caixa Bailarina c/Música com dimensões 14,5x10x8"
550,B22045,Caixa Bailarina c/Música,"Caixa Bailarina c/Música com dimensões 14,5x10x8"
549,B28075F,Caixa Bailarina c/Música,"Caixa Bailarina c/Música com dimensões 14,5x11x8,3"
555,B28050TR,Caixa Bailarina c/Música,"Caixa Bailarina c/Música com dimensões 14,5x10x8"
554,B28079,Caixa Bailarina c/Música e Gaveta,Caixa Bailarina c/Música e Gaveta com dimensões 11x11x10
553,B28010,Caixa Bailarina c/Música e Gaveta,Caixa Bailarina c/Música e Gaveta com dimensões 11x11x10
556,B28032,Caixa Bailarina c/Música e Gaveta,Caixa Bailarina c/Música e Gaveta com dimensões 19x12x10
557,B28065T,Caixa Bailarina c/Música e Gaveta,Caixa Bailarina c/Música e Gaveta com dimensões 19x12x10
558,B28034F,Caixa Bailarina c/Música e Gaveta,Caixa Bailarina c/Música e Gaveta com dimensões 18x12x11
552,B22155C,Caixa Bailarina c/Música e Gaveta,Caixa Bailarina c/Música e Gaveta com dimensões 11x11x10
551,B22133L,Caixa Bailarina c/Música e Gaveta,Caixa Bailarina c/Música e Gaveta com dimensões 11x11x10
1116,B1597CX/50,Caixa Casamento 50 Anos,"Caixa Casamento 50 Anos 12X10X5,5"
906,B369CXL,Caixa Comunhão,Caixa Comunhão 13X4X18
905,B2233CXL,Caixa Comunhão,Caixa Comunhão 13X4X18
1302,B2932AZ,Caixa do 1° Dente,Caixa do 1° Dente Azul
1312,B3618RO,Caixa do 1° Dente,Caixa do 1° Dente Bilaminado Rosa
1296,A962AZ,Caixa do 1° Dente,Caixa do 1° Dente PVD Azul
1316,B3658BR,Caixa do 1° Dente,Caixa do 1° Dente Bilaminado Branco
1318,B3678BR,Caixa do 1° Dente,Caixa do 1° Dente Branco
1017,B2359CX,Caixa Madeira Bilaminado,"Caixa Madeira Bilaminado 10x8,5x4,5"
1018,B1184CX,Caixa Madeira Bilaminado,"Caixa Madeira Bilaminado 10x8,5x4,5"
1016,B1597DCX,Caixa Madeira Bilaminado,"Caixa Madeira Bilaminado 10x8,5x4,5"
893,B6104/C,Caixa Madeira Comunhão,"Caixa Madeira Comunhão 9X11X3,5"
892,B6134/C,Caixa Madeira Comunhão,"Caixa Madeira Comunhão 10X15X3,5"
890,B6074,Caixa Madeira Comunhão com Terços,"Caixa Madeira Comunhão com Terços 9X11X3,5"
891,B6075,Caixa Madeira Comunhão com Terços,"Caixa Madeira Comunhão com Terços 9X11X3,5"
887,B2527CXT,Caixa Madeira Comunhão com Terços Menina,"Caixa Madeira Comunhão com Terços Menina 10X15X3,5"
886,B2526CXT,Caixa Madeira Comunhão com Terços Menino,"Caixa Madeira Comunhão com Terços Menino 10X15X3,5"
904,B1635CX,Caixa Madeira Motivo Comunhão Bilaminado,"Caixa Madeira Motivo Comunhão Bilaminado 10X8,5X4,5"
542,B22209,Caixa Música,"Caixa Música com dimensões 15x11,5x8,5"
547,B28002A,Caixa Música,Caixa Música
559,B28073,Caixa Música com Gaveta,Caixa Música com Gaveta com dimensões 11x11x10
560,B28025T,Caixa Música com Gaveta,Caixa Música com Gaveta com dimensões 11x11x10
1363,B3939/CAZ,Caixa Música Gato,Caixa Música Gato 16x13x7
573,B3508AZ,Candeeiro,Candeeiro com dimensões Alt.30
574,B3509RO,Candeeiro,Candeeiro com dimensões Alt.30
576,B1000,Candeeiro Criança,Candeeiro Criança com dimensões Alt.27
575,B1003,Candeeiro Criança,Candeeiro Criança com dimensões Alt.27
571,A4188,Candeeiro Criança,Candeeiro Criança Tamanho H.10-13
572,A4199,Candeeiro Infantil,Candeeiro Infantil Tamanho H.30
588,AH6006,Caneta/Esferográfica,Caneta/Esferográfica
594,AH6021,Caneta/Esferográfica,Caneta/Esferográfica
590,AH6002,Caneta/Esferográfica,Caneta/Esferográfica
592,AH6001,Caneta/Esferográfica,Caneta/Esferográfica
593,AH6019,Caneta/Esferográfica,Caneta/Esferográfica
591,AH6014,Caneta/Esferográfica,Caneta/Esferográfica
580,P2280L,Caneta Prata,Caneta Prata
578,P2288,Caneta Prata,Caneta Prata
577,PF470L,Caneta Prata Linhas,Caneta Prata Linhas
568,A4181A,Carrossel,Carrossel com dimensões D.10xH.15
566,BA4200,Carrossel,Carrossel Tamanho 10x18
565,BA4201,Carrossel,Carrossel Tamanho 10x18
567,BN4039AZ,Carrossel,Carrossel com dimensões Alt.16xLarg.9
569,A4205,Carrossel,Carrossel
638,B10333,Centro de mesa Bilaminado,"Centro de mesa em bilaminado, dimensões 11x19cm"
614,B10732,Centro de Mesa Bilaminado,Centro de Mesa Bilaminado com dimensões D.32
647,P14/4247,Centro de Mesa Prata 925,"Centro de mesa em prata 925, altura 20,5cm, diâmetro 28cm"
630,B10725,Centro de Mesa Vidro Bilaminado,Centro de Mesa com diâmetro 30 cm sem chapa - possibilidade de acrescentar chapa de 25 ou 50 anos
1374,B2372,Chupeta Urso,Chupeta Urso
1453,P2643MG,Concha Batismo com Prata,Concha Vieira de Batismo em Concha Natural com Aplicação em Prata
788,B3754,Concha Bilaminado,Concha
663,B93088A,Concha Bilaminado,Concha 12x11cm
664,B93088,Concha Bilaminado,Concha 12x11cm
662,B93104,Concha Bilaminado,Concha 14x13cm
659,P2643MP,Concha de Batismo com Prata,Concha Madrepérola de Batismo em Concha Natural com Aplicação em Prata
655,PX001,Concha Prata,Concha Prata
656,PX003,Concha Prata,Concha Prata
657,PX004,Concha Prata,Concha Prata
658,PX008,Concha Prata,Concha Prata
661,PCOXMPG1,Concha Vieira Prata,Vieira
140,B3995SPAZ,Conjunto 2 peças,"Bilaminado conjunto de 2 peças ,bolsa e porta chupeta"
1161,A236SPA,Conjunto 2 Peças,Conjunto 2 Peças Azul
1195,A271SPAZ,Conjunto 2 Peças,Conjunto 2 Peças Saco + Porta Chupeta Azul
1348,B3641,Conjunto 2 Peças,Conjunto 2 Peças
1346,B3595BR,Conjunto 2 Peças,Conjunto 2 Peças Branco
1322,B4423,Conjunto 2 Peças,Conjunto 2 Peças
1319,B3982RO,Conjunto 2 Peças,Conjunto 2 Peças Rosa
1314,B3620,Conjunto 2 Peças,Conjunto 2 Peças
1328,A857,Conjunto 2 Peças,Conjunto 2 Peças
1310,B3581,Conjunto 2 Peças,Conjunto 2 Peças
1345,B3541BR,Conjunto 2 Peças,Conjunto 2 Peças Branco
1342,B3521,Conjunto 2 Peças,Conjunto 2 Peças
1341,B3156BR,Conjunto 2 Peças,Conjunto 2 Peças Branco
595,B1859/2,Conjunto 2 Peças,Conjunto 2 Peças
1337,B3077BR,Conjunto 2 Peças,Conjunto 2 Peças (Porta Chupeta + Saco) Branco
1336,B3074,Conjunto 2 Peças,Conjunto 2 Peças
1331,B2093,Conjunto 2 Peças,Conjunto 2 Peças
1339,B3126,Conjunto 2 Peças,Conjunto 2 Peças
1306,B3116,Conjunto 2 Peças,Conjunto 2 Peças
1281,A788SPRO,Conjunto 2 Peças,Conjunto 2 Peças PVD Rosa
1145,A231SP,Conjunto 2 Peças,Conjunto 2 Peças PVD
1171,A237SPA,Conjunto 2 Peças,Conjunto 2 Peças Azul
1175,A237SPR,Conjunto 2 Peças,Conjunto 2 Peças Rosa
1165,A236SP,Conjunto 2 Peças,Conjunto 2 Peças Branco
1162,A236SPR,Conjunto 2 Peças,Conjunto 2 Peças Rosa
1196,A271SPRO,Conjunto 2 Peças,Conjunto 2 Peças Saco + Porta Chupeta Rosa
1293,A940,Conjunto 2 Peças,Conjunto 2 Peças
1197,A271SP,Conjunto 2 Peças,Conjunto 2 Peças Saco + Porta Chupeta Branco
1211,A273SP,Conjunto 2 Peças,Conjunto 2 Peças Saco + Porta Chupeta
1228,A3464/01B,Conjunto 2 Peças,Conjunto 2 Peças PVD
1288,A934,Conjunto 2 Peças,Conjunto 2 Peças
1224,A3234,Conjunto 2 Peças,Conjunto 2 Peças
1237,A757,Conjunto 2 Peças,Conjunto 2 Peças
1239,A767SPBR,Conjunto 2 Peças,Conjunto 2 Peças PVD Branco
1272,A274,Conjunto 2 Peças,Conjunto 2 Peças
1232,A3466/04B,Conjunto 2 Peças Escova e Pente,Conjunto 2 Peças Escova e Pente
160,P03611,Conjunto 2 Peças Prata,"Conjunto 2 Peças Prata com dimensões 21x8,5"
1382,B3107AZ,Conjunto 2 Peças Urso Flor,Conjunto 2 Peças Urso Flor
159,P717,Conjunto 3 Peças Prata,Conjunto 3 Peças Prata com dimensões 17x7
1361,B4424,Conjunto 3 Peças Urso Bilaminado,Conjunto 3 Peças Urso Bilaminado
1365,B4404,Conjunto 3 Peças Urso Bilaminado,Conjunto 3 Peças Urso Bilaminado
599,B40/0132,Conjunto 5 Peças Escritório,Conjunto 5 Peças Escritório
694,B2733BR,Conjunto Batismo,Conjunto Batismo porta-chupeta e guarda-chupeta
680,A928BR,Conjunto batismo 2 peças,Conjunto batismo 2 peças
720,B3742,Conjunto Batismo Bilaminado,Conjunto Batismo Bilaminado
701,B3947,Conjunto Batismo Bilaminado,Conjunto c/3 Peças 18x13x6
700,B3946,Conjunto Batismo Bilaminado c/3 Peças,Conjunto c/3 Peças 18x13x6
653,P17/3057,Conjunto de 2 Copos Prata 925,"Conjunto de 2 copos em prata 925, altura 22cm"
719,B3797SPBR,Conjunto de 2 peças,Conjunto de 2 peças - Porta Chupeta e Bolsa
633,B2593/25,Copos Bilaminados 25 Anos,Copos Bilaminados 25 Anos com dimensões H.24
617,B2296/2,Copos Bilaminados 25 Anos,Copos Bilaminados 25 anos com 24 cm
616,B2294/2,Copos Bilaminados 50 Anos,Copos Bilaminados 50 anos com 24 cm
618,B2592/50,Copos Bilaminados 50 Anos,Copos Bilaminados 50 Anos com dimensões H.24
620,B2593,Copos Bodas c/Alianças Bilaminado,"Copos de casamento em bilaminado, conjunto de 2 unidades, altura 24cm"
621,B4061/1,Copos Bodas de 25 anos,Conjunto 2 Copos c/Alianças bodas de 25 anos Prateadas com 24 cm
622,B4061/2,Copos Bodas de 50 anos,Conjunto 2 Copos c/Alianças bodas de 50 anos Douradas com 24 cm
615,P4061,Copos com aplicação em Prata,"Copos com aplicação em Prata -  Altura 24cm
"
627,B4061/3,Copos Corações Bilaminado,Conjunto 2 Copos h.24cm
619,B4061,Copos de Casamento Bilaminado,"Copos de casamento em bilaminado, conjunto de 2 unidades, altura 24cm"
625,B4061/255D,Copos de Casamento com Alianças Douradas,Conjunto 2 Copos c/Alianças Douradas com 24 cm
623,B4061/00D,Copos de Casamento com Alianças Douradas,Conjunto 2 Copos c/Alianças Douradas com 24 cm
624,B4061/00,Copos de Casamento com Alianças Prateadas,Conjunto 2 Copos c/Alianças Prateadas com 24 cm
626,B2577,Copos Noivos Casamento Bilaminado,Copos Noivos h.24cm
924,AE014,Cristo com Cruz de Madeira,Cristo com Cruz de Madeira
923,AE50079/1A,Cristo com Cruz de Madeira,Cristo com Cruz de Madeira (ESGOTADO)
925,BN903M,Cristo sem Cruz de Madeira,Cristo sem Cruz de Madeira 35x52
911,PM1882,Cruz Chapa Prata,"Cruz Chapa Prata 2,5X2,5"
908,PM1883,Cruz Chapa Prata,"Cruz Chapa Prata 2,5X2,5"
912,PCR07160,Cruz Chapa Prata,"Cruz Chapa Prata 1,7X2,5"
1585,PM33,Cruz de chapa de Prata,Cruz de chapa de Prata
650,P5143,Decanter Prata 925,"Decanter em prata 925, altura 23cm, diâmetro base 20cm"
651,P5131,Decanter Prata 925,"Decanter em prata 925, altura 25cm, diâmetro 22cm"
851,R400,Despeja bolsos coração,Desperta Bolsos 7X5
596,B1857/1,Esferográfica,Esferográfica
589,AH6012,Esferográfica,Esferográfica
581,P2281L,Esferográfica Prata,Esferográfica Prata
579,P2287,Esferográfica Prata,Esferográfica Prata
586,P2285G,Esferográfica Prata Granitado,Esferográfica Prata Granitado
582,P2283G,Esferográfica Prata Granitado,Esferográfica Prata Granitado
583,P2282L,Esferográfica Prata Linhas,Esferográfica Prata Linhas
585,P2284L,Esferográfica Prata Linhas,Esferográfica Prata Linhas
584,P2286,Esferográfica Prata Linhas,Esferográfica Prata Linhas
795,B7842,Estojo Higiene com Bilaminado,Estojo Higiene com Bilaminado
793,B7840,Estojo Higiene com Bilaminado,Estojo Higiene com Bilaminado
794,B7841,Estojo Higiene com Bilaminado,Estojo Higiene com Bilaminado
597,B1818,Estojo Madeira c/Lâmina,"Estojo Madeira c/Lâmina com dimensões 17x5,5"
598,B1819/2,Estojo Madeira c/Lâmina 2 Peças,"Estojo Madeira c/Lâmina 2 Peças com dimensões 17x5,5"
807,BA4027M,Esvazia Bolsos,Esvazia Bolsos  com dimensões 8x8
804,BA2660M,Esvazia Bolsos,"Esvazia Bolsos  com dimensões 11,5xH5,5"
803,BA2651MP,Esvazia Bolsos,Esvazia Bolsos  com dimensões 7x11xH.4cm
654,P5711,Frapé de Prata 925,Frapé para gelo em prata 925
798,B9952,Galheteiro,Galheteiro Alt.20cm
796,B9950,Galheteiro,Galheteiro Alt.20cm*Larg.9cm
797,B9951,Galheteiro,Galheteiro Alt.21cm
681,A927SBR,Guarda-chupeta batismo,Guarda-chupeta batismo
697,B2897BR,Guarda-chupeta batismo,Guarda-chupeta batismo
699,B2898BR,Guarda-chupeta batismo,Guarda-chupeta batismo
695,B2732SBR,Guarda-chupeta batismo,Guarda-chupeta batismo
1122,B3520CX,Guarda Joia Alianças Douradas,"Guarda Joia Alianças Douradas 10X8,5X4,5"
1123,B315CX/50,Guarda Joia de 50º,"Guarda Joia de 50º 10X8,5X4,5"
319,P48/4100,Guarda Jóia Madeira com Prata,Guarda jóia madeira com prata
318,P03/4005,Guarda Jóia Madeira com Prata,Guarda jóia madeira com prata
320,P48/4000,Guarda Jóia Madeira com Prata,Guarda jóia madeira com prata
401,P2869AZ,Guarda Joia Prata,Guarda joia prata com pedra de cor. Tamanho: 21 x 14 x 5
400,P2872VM,Guarda Joia Prata,Guarda joia prata com pedras de cor. Tamanho: 21 x 14 x 5
406,P352F.13,Guarda Jóia Prata,Guarda jóia prata com flor jarro
408,4991121463,Guarda Jóia Prata,Guarda jóia prata trabalhada
407,P287VO.24,Guarda Jóia Prata,Guarda jóia prata trevo
411,P7620,Guarda Jóia Prata de Pele Viagem,Guarda jóia prata de pele viagem
409,P3344,Guarda Jóia Prata Lisa,Guarda jóia prata lisa
410,P2593,Guarda Jóia Prata Lisa de Pele,Guarda jóia prata lisa de pele
416,P03/2011,Guarda Jóia Prata Madeira,Guarda jóia prata madeira ovalizada
417,P03/2041,Guarda Jóia Prata Madeira,Guarda jóia prata madeira ovalizada
413,P03/2020,Guarda Jóia Prata Madeira Oval,Guarda jóia prata madeira oval
412,P03/1001,Guarda Jóia Prata Madeira Rectangular,Guarda jóia prata de madeira rectangular
415,P03/1012,Guarda Jóia Prata Madeira Rectangular,Guarda jóia prata madeira rectangular
414,P03/1022,Guarda Jóia Prata Madeira Rectangular,Guarda jóia prata madeira rectangular
1087,A140,Guarda-Jóias,"Guarda-Jóias Casamento 9,5X14,5"
1070,P25CX,Guarda-Jóias,"Guarda-Jóias 12x10x5,5"
1025,A148/3,Guarda-Jóias ,Guarda-Joias de Aniversário de Casamento com dimensões 13x18
1052,B1435,Guarda Jóias 25/50 Anos,Guarda Jóias 25/50 Anos
1053,B1450,Guarda Jóias 25/50 Anos,Guarda Jóias 25/50 Anos
1117,B325CX,Guarda Joias 25 Anos Alianças,"Caixa Casamento 12X10X5,5"
1115,B1277CX,Guarda Joias 50 Anos Alianças,"Guarda Joias 50 Anos Alianças 12X10X5,5"
1066,P17/7009,Guarda-Jóias alianças,Guarda-Jóias alianças
425,P17/7018,Guarda-Jóias alianças,Guarda-Jóias alianças 21x16x5
1067,P17/7021,Guarda-Jóias alianças,21x16x5
1013,B1675,Guarda Joias Bilaminado,"Guarda Joias Bilaminado 16x11x4,5"
1104,A432/25, Guarda-Joias Casamento," Guarda-Joias Casamento de 25 Anos 11x16x4,5 , PVD "
1083,A139,Guarda Joias Casamento,Guarda Joias Casamento 13x18
1112,B1372/25,Guarda Joias Casamento 25 Anos,"Guarda Joias Casamento 25 Anos 11X16X4,5"
1106,A441/25,Guarda Joias Casamento 25 Anos,Guarda Joias Casamento 25 Anos 9x13x5
1107,A421/25,Guarda Joias Casamento 25 Anos,"Guarda Joias Casamento 25 Anos 9x13x4,5"
1111,B1371/25,Guarda Joias Casamento 25 Anos,"Guarda Joias Casamento 25 Anos 9X13X4,5"
1119,B6481/25,Guarda Joias Casamento 25 Anos,"Guarda Joias Casamento 25 Anos 9X13X4,5"
1105,A442/25,Guarda Joias Casamento 25 Anos,Guarda Joias Casamento 25 Anos 11x16x5
1121,B6400/25,Guarda Joias Casamento 25 Anos,Guarda Joias Casamento 25 Anos 17x25x5
1120,B6982/25,Guarda Joias Casamento 25 Anos,Guarda Joias Casamento 25 Anos 17X25X5
1118,B6438/25,Guarda Joias Casamento 25 Anos,"Guarda Joias Casamento 25 Anos 9X13X4,5"
1108,A351/25,Guarda Joias Casamento 25 Anos,"Guarda Joias Casamento 25 Anos 9x13x4,5"
1113,B8114/25,Guarda Joias Casamento 25 Anos Única,"Guarda Joias Casamento 25 Anos Única 13x18x5,5"
1114,B8124/00,Guarda Joias Casamento Alianças,"Guarda Joias Casamento Alianças 13x18x5,5"
1019,B7909,Guarda-Jóias com Bilaminado,"Caixa Madeira Bilaminado 24,5x19,5x4,5"
1038,A9237/13C,Guarda Jóias Madeira e PVD,Guarda Jóias Madeira e PVD 18x13x6
397,P2618,Guarda Joias Prata Pele,Guarda joias com prata e pele cor preta
1015,B2199CX,Guarda Joias PVD,"Guarda Joias PVD 12x10x5,5"
1109,AE6521/441,Guarda Joias PVD,Guarda Joias PVD
1014,B1599CX,Guarda Joias PVD,"Guarda Joias PVD 12x10x5,5"
1110,AE6469/437,Guarda Joias PVD,Guarda Joias PVD
1040,A9247/13C,Guarda Jóias PVD,Guarda Jóias PVD 18x13x6 50 anos
1021,A122,Guarda Jóias PVD,Guarda Jóias PVD 21x16
1031,A9077/13C,Guarda Jóias PVD,Guarda Jóias PVD 13x9x4
958,A464,Imagem Bilaminado,Imagem Bilaminado 30x11
941,B1723G,Imagem Bilaminado,Imagem Bilaminado 26x36
957,B1740M,Imagem Bilaminado,Imagem Bilaminado 14x23
959,B1728,Imagem Bilaminado,Imagem Bilaminado
1420,AE6159,Imagem Cristo em PVD,Imagem Cristo em PVD
926,EA6159,Imagem Cristo em PVD,Imagem Cristo em PVD
956,B1544,Imagem de Mesa Bilaminado,Imagem de Mesa Bilaminado
955,B1546,Imagem de Mesa Bilaminado Aparição,Imagem de Mesa Bilaminado Aparição
954,B1545,Imagem de Mesa Bilaminado NSFátima,Imagem de Mesa Bilaminado NSFátima
952,B44/4670,Imagem de  Papa Francisco,Imagem de Papa Francisco 27x34
938,AE5002/3,Imagem Sagrada Familia PVD,Imagem Sagrada Familia PVD
939,A18/1,Imagem Sagrada Familia PVD,Imagem Sagrada Familia PVD
940,A19/2,Imagem Sagrada Familia PVD,Imagem Sagrada Familia PVD 23x23
944,A15/1,Imagem Sagrada Família PVD,Imagem Sagrada Família PVD
946,AE6049/2,Imagem Sagrada Família PVD,Imagem PVD
948,AE6028,Imagem Sagrada Família PVD,Imagem Sagrada Família PVD
949,A466,Imagem Sagrada Família PVD,Imagem Sagrada Família PVD 20x25
947,AE5002/3C,Imagem Sagrada Família PVD,Imagem Sagrada Família PVD
1071,A22/2,Imagem Sagrada Família PVD,Imagem Sagrada Família PVD 18x24
943,A13/1,Imagem Sagrada Família PVD,Imagem Sagrada Família PVD
612,B27/7203,Jarra Bilaminado,Jarra Bilaminado com dimensões H.46cm
613,B10734,Jarra Bilaminado,Jarra Bilaminado com dimensões H.35 cm
603,B10729,Jarra Bilaminado,Jarra Bilaminado com dimensões 21x27
604,B10726,Jarra Bilaminado,Jarra Bilaminado com dimensões H.30
635,B10181,Jarra Bilaminado,Jarra H.25cm
629,B9620/25,Jarra bodas de 25 anos em Bilaminado,Jarra h.20cm
605,A9074,Jarra Casamento 25 e 50 anos,Jarra Casamento 25 e 50 anos com H.26
609,B17/3356,Jarra Casamento 50 Anos Bilaminado,Jarra Casamento 50 Anos Bilaminado com dimensões Alt.60
628,B9605F,Jarra com alianças em Bilaminado,Jarra Alt.26cm
636,B10223M,Jarra com Vidro e Espelho Bilaminado,Jarra 20x20cm
637,B10222M,Jarra com Vidro e Espelho Bilaminado,Jarra 12x12cm
634,B101,Jarra de Água Bilaminado,Jarra de Água com detalhes em Bilaminado
649,P5147,Jarra de Água Prata 925,"Jarra de água em prata 925, altura 37cm"
652,P5123,Jarra de Água Prata 925,"Jarra de água em prata 925, altura 20cm"
813,BA6012M,Jarra decoração ondulada,"Jarra decoração ondulada com dimensões 17,5XH.30"
785,A7003,Jarra de decoração,
787,B17/315,Jarra de decoração,Jarra de decoração
780,B27/7245,Jarra de Vidro Bilaminado,Jarra com 45cm  - possibilidade de acrescentar chapa de 25 ou 50 anos
307,P02/4010,Jarrão Madeira com Prata,Jarrão madeira com prata
306,P02/4001,Jarrão Madeira com Prata,Jarrão madeira com prata
305,P02/4000,Jarrão Madeira com Prata,Jarrão madeira com prata
308,P02/4011,Jarrão Madeira com Prata,Jarrão madeira com prata
309,P02/4020,Jarrão Madeira com Prata,Jarrão madeira com prata
310,P02/4021,Jarrão Madeira com Prata,Jarrão madeira com prata
648,P14/4267,Jarra Prata 925,"Jarra em prata 925, altura 15cm"
610,B27/7879,Jarra Vidro Bilaminado,Jarra Vidro Bilaminado sem chapa com dimensões Alt.40
611,B27/7884,Jarra Vidro Bilaminado,Jarra Vidro Bilaminado com dimensões Alt.30
831,BN250C,Joaninha bibelot,Joaninha bibelot
848,BN907,Joaninha bibelot,Joaninha bibelot
473,AK1869/12,Kit 12 Mini Rosas Perfumadas,Kit 12 Mini Rosas Perfumadas
465,AK2058/10,Kit c/10 Rosa + Jarra,Kit c/10 Rosa + Jarra
476,AK1814/12,Kit Completo 12 Peças,Kit Completo 12 Peças
471,AK2075/8,Kit Completo 8 Peças,Kit Completo 8 Peças
467,AK2216/6,Kit Perfumadores c/6 Peças + Base,Kit Perfumadores c/6 Peças + Base
570,BA4203,Lâmpada de Presença,Lâmpada de Presença Tamanho 7x15
1285,A799RO,Luz de Presença,Luz de Presença com Várias Melodias e Cores de Luz Rosa
511,BA4358DAZ,Mealheiro,Mealheiro com dimensões 9x13
483,BA4224,Mealheiro,Mealheiro
501,BA00057,Mealheiro,Mealheiro com dimensões D.7xH.7
499,A00022,Mealheiro,Mealheiro com dimensões 17xH.13
1231,A3465/01B,Mealheiro,Mealheiro PVD
510,BN521M,Mealheiro,Mealheiro com dimensões 13xH.9
482,B4207,Mealheiro,Mealheiro
502,BA00054,Mealheiro,Mealheiro com dimensões D.7xH.9
503,BA00085C,Mealheiro,Mealheiro com dimensões D.7xH.9
498,A00021,Mealheiro,Mealheiro com dimensões 17xH.13
500,BA00056,Mealheiro,"Mealheiro com dimensões D.7xH.7,5"
512,BA00058R,Mealheiro,"Mealheiro com dimensões 7xH.9,5"
508,BA00062R,Mealheiro Bailarina,Mealheiro Bailarina com dimensões D.7
507,A00028C,Mealheiro Bailarina,Mealheiro Bailarina com dimensões 16xH.16
509,BA00083,Mealheiro Bailarina,"Mealheiro Bailarina com dimensões 9,5xH.10"
504,BA524,Mealheiro Biberon,"Mealheiro Biberon com dimensões 7,5xH.12"
484,A00040,Mealheiro Cão,Mealheiro Cão com dimensões 12xH.11
489,A00017,Mealheiro Cão,Mealheiro Cão com dimensões 11xH.12
490,A00045C,Mealheiro Carro,"Mealheiro Carro com dimensões 12,5xH.8"
495,A00027C,Mealheiro Carro,Mealheiro Carro com dimensões 20xH.10
494,A00026C,Mealheiro Carro,"Mealheiro Carro com dimensões 17xH.7,5"
492,A00019,Mealheiro Carro,"Mealheiro Carro com dimensões 13,5xH.6,5"
493,A00020,Mealheiro Carro,"Mealheiro Carro com dimensões 13,5xH.6,5"
491,A00046C,Mealheiro Carro,"Mealheiro Carro com dimensões 15,5xH.9,5"
505,BA00015,Mealheiro Cegonha,Mealheiro Cegonha com dimensões 13xH.12
545,B22170,Mealheiro com Música,Mealheiro com Música
136,B2682AZ,Mealheiro com Música,Bilaminado mealheiro com música
544,B22171,Mealheiro com Música,Mealheiro com Música
137,B2683RO,Mealheiro com Música,Bilaminado mealheiro com música
486,A0005,Mealheiro Elefante,"Mealheiro Elefante com dimensões H.19,5x10"
485,A00042,Mealheiro Elefante,Mealheiro Elefante com dimensões 13xH.12
506,A00029C,Mealheiro Fada,Mealheiro Fada com dimensões 16xH.16
516,B4091,Mealheiro Madeira,Mealheiro Madeira com dimensões 8xAlt.12
513,B4088,Mealheiro Madeira,Mealheiro Madeira com dimensões 8xAlt.12
514,B4089RO,Mealheiro Madeira,Mealheiro Madeira com dimensões 8xAlt.12
515,B4090,Mealheiro Madeira,Mealheiro Madeira com dimensões 8xAlt.12
497,A00025C,Mealheiro Mota,"Mealheiro Mota com dimensões 16,5xH.11"
487,BA518,Mealheiro Porco,Mealheiro Porco com dimensões Alt.8x13
488,BA0001,Mealheiro Porco,"Mealheiro Porco com dimensões 9,5xH.8,5"
496,BA528,Mealheiro Vespa,"Mealheiro Vespa com dimensões 14xH.8,5"
1146,A234MBAZ,Medalha Berço,Medalha de Berço com Música Madeira c/PVD 13x18 Azul
1151,A234MB,Medalha Berço,Medalha de Berço com Música Madeira c/PVD 13x18 Branco
1147,A234MBRO,Medalha Berço,Medalha de Berço com Música Madeira c/PVD 13x18 Rosa
712,B3786/E,Medalha Bilaminado Batismo,Medalha Bilaminado Batismo 6x9 Rosa
1209,A273MC,Medalha Criança,"Medalha Criança com Música 8,5x12"
1210,A273MB,Medalha Criança,"Medalha Criança sem Música 8,5x12"
1324,EA2082,Medalha de Berço,Medalha de Berço
1299,AE2081,Medalha de Berço,Medalha de Berço
784,B6136,Medalha de Berço Bilaminado,Medalha de Berço
775,B6125F,Medalha de Berço Bilaminado,Medalha 9x13
776,B6122,Medalha de Berço Bilaminado,Medalha 9x13
762,B2851B,Medalha de Berço Bilaminado,Medalha de Berço
771,B6053BR,Medalha de Berço Bilaminado,Medalha de Berço
768,B6095,Medalha de Berço Bilaminado,Medalha 6x9
766,B6094,Medalha de Berço Bilaminado,Medalha 6x9
782,B6135,Medalha de Berço Bilaminado,Medalha de Berço
740,B2665M,Medalha de Berço Bilaminado,Medalha de berço bilaminado 6x9
761,B2661BR,Medalha de Berço Bilaminado,Medalha 6x9
779,B6141,Medalha de Berço Bilaminado,Medalha D.8
781,B6134CAZ,Medalha de Berço Bilaminado Azul,Medalha de Berço Azul
778,B6141C,Medalha de Berço Bilaminado c/Música,Medalha D.8 c/Música
763,B2851C,Medalha de Berço Bilaminado c/Música,Medalha de Berço c/Música
677,B2665C,Medalha de Berço Bilaminado c/Música,Medalha de Berço 6x9 c/Música
741,B2669C,Medalha de Berço Bilaminado c/Música,Medalha de Berço 6x9 c/Música
760,B2661C,Medalha de Berço Bilaminado c/Música,Medalha 6x9 c/Música
783,B6136C,Medalha de Berço Bilaminado c/Música,Medalha de Berço c/Música
774,B6125FM,Medalha de Berço Bilaminado c/Música,Medalha 9x13 c/Música
767,B6095C,Medalha de Berço Bilaminado c/Música,Medalha 6x9 c/Música
765,B6094C,Medalha de Berço Bilaminado c/Música,Medalha 6x9 c/Música
777,B6122C,Medalha de Berço Bilaminado c/Música,Medalha 9x13 c/Música
769,B6083CRO,Medalha de Berço Bilaminado Rosa,Medalha de Berço Rosa
773,B6120RO,Medalha de Berço Bilaminado Rosa,Medalha de Berço Rosa
772,B6054RO,Medalha de Berço Bilaminado Rosa,Medalha de Berço Rosa
770,B3017BR,Medalha de Berço Bilaminado S/Música,Medalha de Berço S/Música
748,P003P,Medalha de Berço Prata,"Medalha 6x4,3"
745,P004M,Medalha de Berço Prata,Medalha de Berço Prata
751,PMD001FP,Medalha de Berço Prata,"Medalha 3,5x5"
750,PMD001,Medalha de Berço Prata,"Medalha 6x4,3"
747,PMD001AP,Medalha de Berço Prata,"Medalha 5x3,5 recortado interior"
749,P005FP,Medalha de Berço Prata Recortado,"Medalha 5x3,7 Recortado"
764,A234MC,Medalha de Berço PVD c/Música,"Medalha 8,5x12 c/Música"
711,B3786C,Medalha Nascimento Bilaminado,Medalha Nascimento Bilaminado 6x9 com laço
710,B3786E,Medalha Nascimento Bilaminado,Medalha Nascimento Bilaminado 6x9
1150,A234M,Medalha PVD Anjo c/Oração,"Medalha 8,5x12"
474,A1869,Mini Rosa Perfumada,Mini Rosa Perfumada
1401,BN518M,Mocho,"Mocho com dimensões Alt.12,5"
1400,BN271MS,Mocho,"Mocho com dimensões Alt.4,5"
1402,BA1259MP,Mocho com suporte de caneta,"Mocho com dimensões 6,5x7,5"
1403,BA1275MP,Mocho com suporte de caneta,Mocho com dimensões 9x9
1060,B8113B/25,Moldura,Moldura 25 Anos 13x18
806,BA4009C,Moldura,Moldura para fotografia com dimensões 10x15
241,P18/12013,Moldura,Moldura Tripla c/Placa 6x9 Prata Casamento
69,B1399,Moldura ,Moldura 50 anos
805,BA2668M,Moldura ,Moldura para fotografia com dimensões 18X24
1057,B5924A/25,Moldura 25 Anos,Moldura 25 Anos
1056,B40/0049,Moldura Alianças,Moldura Alianças 13x18
1050,B1370C/25,Moldura Aniversario 25 Anos,Moldura Aniversario 25 Anos Bilaminado 10x15
1049,B1397B/50,Moldura Aniversário 50 anos,Moldura Aniversário 50 anos 13x18
602,B40/0139,Moldura Aniversario Casamento,"Moldura Aniversario Casamento, 13x18 Alianças Douradas"
1047,B1312B,Moldura Aniversário Casamento c/Alianças,Moldura Aniversário Casamento c/Alianças 13x18
1048,B1399A/25,Moldura Aniversário Casamento c/Alianças,Moldura Aniversário Casamento c/Alianças 18x24
718,B3796SBR,Moldura Batismo Bilaminado,Moldura Batismo
679,A924,Moldura Batismo PVD,Moldura Batismo PVD
1404,B3990,Moldura Bebé Carrinho Bilaminado,Moldura Bebé Carrinho Bilaminado
882,B5918/1634D,Moldura Bilaminada Comunhão,Moldura Bilaminada Comunhão Parte de Trás Madeira Castanha 9X13
883,B5918D/1634D,Moldura Bilaminada Comunhão,Moldura Bilaminada Comunhão Parte de Trás Madeira Castanha 9X13
1101,A420A/50,Moldura Bodas 25/50 Anos,Moldura Bodas 25/50 Anos
1377,B2360DL,Moldura Borboletas,Moldura Borboletas 9x13
1376,B2360BL,Moldura Borboletas,Moldura Borboletas 13x18
1098,AE6288/18,Moldura c/25 Anos,Moldura c/25 Anos
1096,AE6289/18,Moldura c/50 Anos,Moldura c/50 Anos
1097,AE6290/18,Moldura c/Alianças,Moldura c/Alianças
1089,A138B,Moldura Casamento,Moldura Casamento 13x18
1088,A138A,Moldura Casamento,Moldura Casamento 18X24
1075,B17/2601,Moldura Casamento,Moldura Casamento 13x18
1044,AE6701/13,Moldura Casamento,Moldura Aniversário Casamento de 50 e 25 Anos
1091,A138,Moldura Casamento,"Moldura Casamento 15,5X11"
1082,A2086B,Moldura Casamento,"Moldura Casamento 13X18 - 2,8 cm"
1079,A139S,Moldura Casamento,"Moldura Casamento 15X20 - 3,5 cm"
1081,A139C,Moldura Casamento,Moldura Casamento 10X15 - 3 cm
1084,A140A,Moldura Casamento,"Moldura Casamento 18X24 - 5,2 cm"
1085,A140B,Moldura Casamento,"Moldura Casamento 13X18 - 4,5 cm"
1086,A140C,Moldura Casamento,Moldura Casamento 10X15 - 4 cm
1080,A139B,Moldura Casamento,"Moldura Casamento 13X18 - 3,5 cm"
1092,A492AF/0,Moldura Casamento,"Moldura Casamento 18X24 - Larg.4,5cm"
1090,A138C,Moldura Casamento,Moldura Casamento 10X15
1093,A489/25,Moldura Casamento 25 Anos,Moldura Casamento 25 Anos 11X16X5
1100,A410B/25,Moldura Casamento 25 Anos,Moldura Casamento 25 Anos 13x18
1103,A430B/25,Moldura Casamento 25 Anos,Moldura Casamento 25 Anos
1099,A440B/25,Moldura Casamento 25 Anos,Moldura Casamento 25 Anos
1054,B16/7300,Moldura Casamento c/Alianças Douradas,Moldura Casamento c/Alianças Douradas 18x24
874,A380B,Moldura Comunhão,Moldura Comunhão 13X18
871,B4671D,Moldura Comunhão,Moldura Comunhão 9X13
872,B6710D,Moldura Comunhão,Moldura Comunhão 9X13
873,B6810B,Moldura Comunhão Bilaminada,Moldura Comunhão Bilaminada 13X18
880,B6831B,Moldura Comunhão Bilaminada,Moldura Comunhão Bilaminada com dimensões 13X18
876,B6818,Moldura Comunhão GBG,Moldura Comunhão GBG
875,B6817,Moldura Comunhão GBG,Moldura Comunhão GBG
877,P45,Moldura Comunhão Isabel Cabanillas 22mm,Moldura Comunhão Isabel Cabanillas 22mm
870,A223MB,"Moldura Comunhão Madeira PVD Larg.3,5cm","Moldura Comunhão Madeira PVD Larg.3,5cm 13X18"
1076,A223,"Moldura Comunhão PVD Larg.3,5cm","Moldura Comunhão PVD Larg.3,5cm"
1389,B2910,Moldura Corações,Moldura Corações 13x18
422,P907B,Moldura de Prata Rectangular,Moldura retangular de Prata
966,B15/5112,Moldura em Pele Imagem Bilaminada,"Moldura em Pele Imagem Bilaminada Ext.31x53, Int.15x36,5"
1397,B36/7001,Moldura Fim de Curso,Moldura Fim de Curso com dimensões 15x20
1386,B17/1249,Moldura Flores Camilletti,Moldura Flores Camilletti 9x13
1353,B3630BAZ,Moldura Gato,Moldura Gato 13x18
1354,B3630,Moldura Gato,Moldura Gato 9x13
1362,B3670DR,Moldura Gato Borboletas Bilaminado,Moldura Gato Borboletas Bilaminado 9x13
1360,B4420,Moldura Gato Estrelas Bilaminado,Moldura Gato Estrelas Bilaminado
1384,B2220DAZ,Moldura Laço,Moldura Laço 9x13
1390,B2911BR,Moldura Laço Branco,Moldura Laço Branco 13x18
1392,B3300BAZ,Moldura Laço c/Diário,Moldura Laço c/Diário 13x18
1077,B26/4810,Moldura Lisa c/Alianças,Moldura Lisa c/Alianças
1078,B26/4830,Moldura Martelada c/Alianças Casamento,Moldura Martelada c/Alianças Casamento
1355,B3631,Moldura My Family Gato,Moldura My Family Gato 15x20
733,B3760,Moldura Nascimento Bilaminado,Moldura Nascimento Bilaminado
735,B2671,Moldura Nascimento Bilaminado,Moldura 6x9
739,B2667,Moldura Nascimento Bilaminado,Moldura 6x9
1046,B1312A,Moldura Oval de Aniversário Casamento ,Moldura Aniversário Casamento c/Alianças 18x24
1065,P12/8015,Moldura Prata 50 Anos,Moldura Prata 50 Anos 10x15
424,P12/8007,Moldura Prata Alianças,Moldura Prata Alianças 10x15
378,P0925E,Moldura Prata Arrugada Larga,Moldura prata arrugada larga. Espessura: 4 cm
220,P24/3306,Moldura Prata Capela Colunas,Moldura prata capela colunas
224,P24/3200,Moldura Prata Capela Conchas,Moldura prata capela conchas. Espessura: 9 mm
240,P17/02012,Moldura Prata Capela Dupla Rosinhas,Moldura prata capela dupla rosinhas
228,P17/0240,Moldura Prata Capela Flores,Moldura prata capela flores. Espessura: 14 mm
219,P24/3000,Moldura Prata Capela Lisa,Moldura prata capela lisa. Espessura: 9 mm
229,P17/0220,Moldura Prata Capela Picotada,Moldura prata capela picotada. Espessura: 14 mm
225,P24/3105-1,Moldura Prata Capela Picotada,Moldura prata capela picotada
218,P24/3100,Moldura Prata Capela Picotada,Moldura prata capela picotada. Espessura: 9 mm
230,P17/0200,Moldura Prata Capela Rosas,Moldura prata capela rosas. Espessura: 14 mm
146,P17/0204C,Moldura Prata Capela Rosinhas Camafeu,Moldura prata capela rosinhas camafeu
231,P07/02013,Moldura Prata Capela Tripla com Relogio Rosas,Moldura prata capela tripla com relogio rosas
395,P2375/1,Moldura Prata com Madeira,Moldura prata com madeira. Espessura: 1 cm
907,P2431,Moldura Prata Comunhão,Moldura Prata Comunhão 20X25
267,P45/0236C,Moldura Prata Criança Casa Urso,Moldura prata criança casa urso
391,P12/5000,Moldura Prata Forma Irregular,Moldura prata irregular com espaço de foto redonda
404,P2860,Moldura Prata Irregular Riscado,Moldura prata irregular com riscado ao alto | 2cm
379,P0926E,Moldura Prata Larga Folhas,Moldura prata rectangular e quadrada larga motivo folhas
922,P81C,Moldura PRATA N.SR.FATIMA,Moldura PRATA N.SR.FATIMA 10x15
380,P1705/2,Moldura Prata Ondas,"Moldura prata com efeito de ondas, na forma quadrada e panorâmica, espessura: 6 cm"
1618,P1897,Moldura Prata Oval,Moldura Prata Oval Lisa
143,P16/0136,Moldura Prata Oval,Moldura prata oval
263,P16/0548A,Moldura Prata Oval Lisa com Patas,Moldura prata oval lisa com patas
144,P16/0112,Moldura Prata Oval Ondulada,Moldura prata oval ondulada
200,P16/0810,Moldura Prata Oval Picotada,Moldura prata oval picotada. Espessura: 8 mm
226,P24/3210,Moldura Prata Panorâmica Capela Conchas,Moldura prata panorâmica capela conchas. Espessura: 9 mm
227,P24/3010,Moldura Prata Panorâmica Capela Lisa,Moldura prata panorâmica capela lisa. Espessura: 9 mm
393,P2135,Moldura Prata para 2 Fotos Picotada,Moldura prata para 2 fotos picotada. Tamanho: 6 x 9
396,P2615/1,Moldura Prata Pele Preta,Moldura prata com pele preta. Espessura: 1 cm
394,P2319/1,Moldura Prata Quadrada,Moldura prata quadrada com riscas e cantos lisos
381,P48RM.3,Moldura Prata Quadrada Larga,Moldura prata quadrada larga com motivos. Espessura: 6 cm
359,P0842BQ,Moldura Prata Quadrada Lisa,Moldura prata quadrada lisa
203,P25/0100,Moldura Prata Quadrada Lisa,Moldura prata quadrada lisa. Espessura: 11 mm
150,P5067405LL,Moldura Prata Rectangular,Moldura prata rectangular com linhas
361,P90B,Moldura Prata Rectangular,Moldura prata rectangular
399,P2867VR,Moldura Prata Rectangular,Moldura prata lisa rectangular com aplicação pedras de cores. Espessura: 4 cm
382,P466QP.5,Moldura Prata Rectangular,Moldura prata rectangular | 2
239,P45/0210,Moldura Prata Rectangular,Moldura prata rectangular. Espessura: 22 mm
398,P2870AZ,Moldura Prata Rectangular,Moldura prata lisa rectangular com aplicação pedras de cores
383,P374WP.5,Moldura Prata Rectangular,Moldura prata rectangular
384,P22CP.37,Moldura Prata Rectangular,Moldura prata rectangular. Tamanho: 10 x 15
385,P45CP.30,Moldura Prata Rectangular,Moldura prata rectangular
392,P156AM.1,Moldura Prata Rectangular,"Moldura prata rectangular, modelo estilo capela. Tamanho: 13 x 18"
352,P0847N,Moldura Prata Rectangular,"Moldura prata rectangular, relevo liso"
389,P2710/1,Moldura Prata Rectangular,Moldura prata rectangular trabalhada. Tamanho: 9 x 13
363,P1887B,Moldura Prata Rectangular,Moldura prata rectangular lisa com pequenos motivos. Espessura: 2 cm
260,P15/0813,Moldura Prata Rectangular Amora,Moldura prata rectangular amora
251,P45/0451,Moldura Prata Rectangular Cantos Rosas,Moldura prata rectangular cantos rosas. Espessura: 14 mm
258,P45/0140,Moldura Prata Rectangular Cantos Tracejado,Moldura prata rectangular cantos tracejado. Espessura: 16 mm
250,P17/0214,Moldura Prata Rectangular Capela Tracejado,Moldura prata rectangular capela tracejado. Espessura: 11 mm
418,P156AG.6,Moldura Prata Rectangular Casamento,Moldura prata rectangular casamento
419,P89B/50,Moldura Prata Rectangular Casamento,Moldura prata rectangular casamento alusivo a 50ºanos
420,P89B/25,Moldura Prata Rectangular Casamento,Moldura prata rectangular casamento alusivo a 25ºanos
421,P465QM.10,Moldura Prata Rectangular Casamento,Moldura prata rectangular casamento alusivo a 25ºanos
423,P5017306LL,Moldura Prata Rectangular Casamento,Prata porta retrato 13*18 com 19.55 grs
387,P2882/1,Moldura Prata Rectangular com Aplicação,Moldura prata rectangular com aplicação. Tamanho: 13 x 18
390,P16/5090,Moldura Prata Rectangular com Flores,Moldura prata rectangular larga com flores com cores suaves. Espessura: 3 cm
282,P45/0270,Moldura Prata Rectangular Comunhão,Moldura prata rectangular comunhão. Espessura: 22 mm
283,P45/0312,Moldura Prata Rectangular Comunhão,Moldura prata rectangular comunhão | 3
265,P42/0605,Moldura Prata Rectangular Cortina,Moldura prata rectangular cortina
272,P45/0230,Moldura Prata Rectangular Criança,Moldura prata rectangular criança
280,P24/5012,Moldura Prata Rectangular Criança Aniversário,"Moldura prata rectangular criança aniversário. Tamanho: 10 x 15, Espessura: 7 mm"
279,P24/5000,Moldura Prata Rectangular Criança Balança,Moldura prata rectangular criança balança. Espessura: 7 mm
270,P45/0490C,Moldura Prata Rectangular Criança Bonecos,Moldura prata rectangular criança bonecos | acabamento: cor
271,P45/0490,Moldura Prata Rectangular Criança Bonecos,"Moldura prata rectangular criança bonecos. Espessura: 14 mm, Acabamento: Sem cor"
147,P45/0486C,Moldura Prata Rectangular Criança Bonecos,Moldura prata rectangular criança bonecos
277,P17/0442,Moldura Prata Rectangular Criança Classic,"Moldura prata rectangular criança classic. Tamanho: 10 x 15, Espessura: 14 mm"
275,P45/0501,Moldura Prata Rectangular Criança Elefantes,Moldura prata rectangular criança elefantes
273,P45/0231,Moldura Prata Rectangular Criança Floresta,"Moldura prata rectangular criança floresta. Tamanho: 10 x 15, Espessura: 22 mm"
281,P24/5022,Moldura Prata Rectangular Criança Nascimento,Moldura prata rectangular criança nascimento | acabamento: brilho
274,P45/0235C,Moldura Prata Rectangular Criança Palhaço,Moldura prata rectangular criança palhaço
269,P45/0237,Moldura Prata Rectangular Criança Ratinhos,"Moldura prata rectangular criança ratinhos. Tamanho: 10 x 15, Espessura: 22 mm"
278,P24/3004C,Moldura Prata Rectangular Criança Urso,Moldura prata rectangular criança urso. Espessura: 7 mm
276,P45/0510,Moldura Prata Rectangular Criança Urso,Moldura prata rectangular criança urso
233,P15/0528,Moldura Prata Rectangular Cruzes,Moldura prata rectangular cruzes. Espessura: 14 mm
223,P45/0530,Moldura Prata Rectangular Cruzes,Moldura prata rectangular cruzes. Espessura: 14 mm
237,P17/0120N,Moldura Prata Rectangular Executivo Cruzes,Moldura prata rectangular executivo cruzes
238,P17/0110N,Moldura Prata Rectangular Executivo Laços,Moldura prata rectangular executivo laços
253,P15/0622,Moldura Prata Rectangular Flor,Moldura prata rectangular flor sem verniz na prata. Espessura: 22 mm
261,P15/1291,Moldura Prata Rectangular Flor com Turquesa,Moldura prata rectangular flor com turquesa
235,P15/0503,Moldura Prata Rectangular Flor de Liz,Moldura prata rectangular flor de liz
268,P45/0121,Moldura Prata Rectangular Florzinhas,Moldura prata rectangular florzinhas. Espessura: 16 mm
256,P45/0160,Moldura Prata Rectangular Folhas,Moldura prata rectangular folhas. Espessura: 16 mm
244,P17/0410,Moldura Prata Rectangular Laço,Moldura prata rectangular laço
264,P42/0305,Moldura Prata Rectangular Laço,Moldura prata rectangular laço
386,P50118404LL,Moldura Prata Rectangular Larga Rombus,Moldura prata rectangular larga rombos
255,P45/0206,Moldura Prata Rectangular Leque,Moldura prata rectangular leque. Espessura: 22 mm
207,P45/0400,Moldura Prata Rectangular Lisa,Moldura prata rectangular lisa14mm. Espessura: 14 mm
358,P0842A,Moldura Prata Rectangular Lisa,"Moldura prata rectangular lisa, cantos arredondados. Espessura: 2 cm"
345,P55A,Moldura Prata Rectangular Lisa,Moldura prata rectangular lisa. Espessura: 2 cm
355,P0989N,Moldura Prata Rectangular Lisa,Moldura prata rectangular lisa. Espessura: 2 cm
266,P42/0404,Moldura Prata Rectangular Lisa,Moldura prata rectangular lisa
342,P0971B,Moldura Prata Rectangular Lisa,Moldura prata rectangular lisa | 5
405,P5017105LL,Moldura Prata Rectangular Lisa,Moldura prata rectangular lisa plana | 2cm
388,P5067105LL,Moldura Prata Rectangular Lisa,Moldura prata rectangular lisa. Tamanho: 10 x 15
193,P45/0100,Moldura Prata Rectangular Lisa,Moldura prata rectangular lisa. Espessura: 16 mm
349,P0872,Moldura Prata Rectangular Lisa,"Moldura prata rectangular lisa, com largura de prata estreita. Espessura: 1 cm"
344,P0958A,Moldura Prata Rectangular Lisa,Moldura prata rectangular lisa
348,P1889A,Moldura Prata Rectangular Lisa,"Moldura prata rectangular lisa ,com largura de prata estreita"
350,P0840A,Moldura Prata Rectangular Lisa,Moldura prata rectangular lisa
245,P17/0400,Moldura Prata Rectangular Lisa,Moldura prata rectangular lisa
209,P24/0113,Moldura Prata Rectangular Lisa,Moldura prata rectangular lisa económica
346,P81,Moldura Prata Rectangular Lisa,"Moldura prata rectangular lisa, plana e cantos rectos. Espessura: 2 cm"
339,P101A,Moldura Prata Rectangular Lisa,"Moldura prata rectangular lisa, plana, cantos arredondados. Espessura: 3 cm"
214,P24/01122,Moldura Prata Rectangular Lisa Dupla/tripla 0,Moldura prata rectangular lisa dupla/tripla 0. Tamanho: 6 x 9
341,P092A,Moldura Prata Rectangular Lisa Picotada,"Moldura prata rectangular lisa, plana picotada. Espessura: 2 cm"
353,P0866A,Moldura Prata Rectangular Lisa Plana,Moldura prata rectangular lisa plana
340,P102A,Moldura Prata Rectangular Martelada,Moldura prata rectangular martelada cantos arredondados. Espessura: 3 cm
356,P0813A,Moldura Prata Rectangular Martelada,Moldura prata rectangular martelada. Espessura: 2 cm
343,P0957A,Moldura Prata Rectangular Martelada,Moldura prata rectangular martelada
370,P260LA,Moldura Prata Rectangular Martelada,Moldura prata rectangular martelada
364,P84B,Moldura Prata Rectangular Martelada,Moldura prata rectangular martelada. Espessura: 2 cm
351,P0836S,Moldura Prata Rectangular Martelada,Moldura prata rectangular ligeiramente martelada
362,P45B,Moldura Prata Rectangular Martelada Picotada,Moldura prata rectangular martelada e picotada. Espessura: 2 cm
365,P0843A,Moldura Prata Rectangular Martelado,Moldura prata rectangular martelado
360,P0844A,Moldura Prata Rectangular Picotada,Moldura prata rectangular picotada. Espessura: 2 cm
248,P17/1800,Moldura Prata Rectangular Picotada,Moldura prata rectangular picotada
210,P24/1113,Moldura Prata Rectangular Picotada,Moldura prata rectangular picotada económica
403,P261LA,Moldura Prata Rectangular Picotada,Moldura prata rectangular picotada
217,P45/8400,Moldura Prata Rectangular Picotada,Moldura prata rectangular picotada. Espessura: 14 mm
347,P1881A,Moldura Prata Rectangular Picotada,"Moldura prata rectangular picotada, largura de prata estreita"
215,P15/8270,Moldura Prata Rectangular Picotada,Moldura prata rectangular picotada. Espessura: 11 mm
206,P45/0200,Moldura Prata Rectangular Plana Lisa,Moldura prata rectangular plana lisa. Espessura: 22 mm
354,P0867A,Moldura Prata Rectangular Plana Picotada,Moldura prata rectangular plana picotada
252,P45/0420,Moldura Prata Rectangular Rosas,Moldura prata rectangular rosas. Espessura: 14 mm
243,P45/0470,Moldura Prata Rectangular Tracejada,Moldura prata rectangular tracejada. Espessura: 14 mm
257,P45/0110,Moldura Prata Rectangular Tracejado,Moldura prata rectangular tracejado. Espessura: 16 mm
262,P24/2110,Moldura Prata Rectangular Trança,Moldura prata rectangular trança
247,P45/0410,Moldura Prata Rectangular Trança,Moldura prata rectangular trança. Espessura: 14 mm
402,P2925,Moldura Prata Rectangular Vistosa,Moldura prata rectangular vistosa. Espessura: 4 cm
357,P0809BR,Moldura Prata Redonda,Moldura prata redonda
197,P14/0521,Moldura Prata Redonda Flores,Moldura prata redonda flores. Espessura: 7 mm
142,P14/0722,Moldura Prata Redonda Parafusos,Moldura prata redonda d.8 parafusos
1391,B2350BLAZ,Moldura Príncipe,Moldura Príncipe 13x18
1387,B3408,Moldura Sino,Moldura Sino 6x9
242,P18/12213,Moldura Tripla c/Placa e Alianças,Moldura Tripla c/Placa e alianças com dimensões 6x9 em Prata
1068,P18/12013-S,Moldura Tripla para 3 fotografias,Moldura Tripla para 3 fotografias com dimensão 6x9 em Prata
1368,B4410DRO,Moldura Urso Corações Bilaminado,Moldura Urso Corações Bilaminado 9x13
1366,B4410BRO,Moldura Urso Corações Bilaminado,Moldura Urso Corações Bilaminado 13x18
1364,B4440BL,Moldura Urso Corações Bilaminado,Moldura Urso Corações Bilaminado 13x18
1381,B3100,Moldura Urso Flor,Moldura Urso Flor 13x18
1356,B4400DRO,Moldura Urso Flores Bilaminado,Moldura Urso Flores Bilaminado 9x13
1357,B4430BL,Moldura Urso Flores Laranja Bilaminado,Moldura Urso Flores Laranja Bilaminado 13x18
1358,B4430DL,Moldura Urso Flores Laranja Bilaminado,Moldura Urso Flores Laranja Bilaminado 9x13
935,A7000F,Nossa Senhora de Fátima,Nossa Senhora de Fátima
932,BN251,Nossa Senhora de Fátima,Nossa Senhora de Fátima Alt.25cm
933,BN250S,Nossa Senhora de Fátima,Nossa Senhora de Fátima Alt.15cm
934,BN559FG,Nossa Senhora de Fátima Dourado,Nossa Senhora de Fátima com 31cm
100,P2P0010,Ovo,Colar de ovo
1001,AE6115CSN,Pack de 3 Molduras PVD,"Pack de 3 Molduras PVD 10x15, 20X25, 15X20"
812,BA6000M,Peça de decoração cómoda,Peça de decoração ou esvazia bolsos
786,B16/7317,Peça de decoração de cómoda,Peça de decoração de cómoda com diâmetro 28cm
809,BA534,Peça de decoração Mãe,Peça de decoração mãe e filho com 25cm
810,BA535,Peça de decoração Mãe,Peça de decoração mãe e filho com 25cm
1372,B3993,Pega-Chupetas Bebé,Pega-Chupetas Bebé
1379,B2361PBR,Pega-Chupetas Borboletas,Pega-Chupetas Borboletas
1375,B2371PRO,Pega-Chupetas Urso,Pega-Chupetas Urso
477,AK2067,Perfumador,Perfumador
481,AE6300,Perfumador,Perfumador
478,AE6356,Perfumador,"Perfumador Tamanho: 9,9x10,5"
480,AE6292,Perfumador,Perfumador
1421,AE6360,Perfumador,Perfumador
639,B27/7270,Perfumador Ambientador Bilaminado com Pétalas,Perfumador Alt.12cm c/Pétalas de Flores
640,B27/7269,Perfumador Ambientador c/Pétalas Bilaminado,Perfumador Alt.12cm c/Pétalas de Flores
643,B27/7262,Perfumador Bilaminado,"Perfumador em bilaminado, altura 12cm"
645,B27/7267,Perfumador Bilaminado,"Perfumador em bilaminado, altura 12cm"
644,B27/7265,Perfumador Bilaminado,"Perfumador em bilaminado, altura 12cm"
646,B27/7264,Perfumador Bilaminado,"Perfumador em bilaminado, altura 12cm"
632,B27/7274,Perfumador Bilaminado,Perfumador com 30cm
641,B27/7263,Perfumador Bilaminado,"Perfumador em bilaminado, altura 12cm"
642,B27/7266,Perfumador Bilaminado,"Perfumador em bilaminado, altura 12cm"
469,AK2065,Perfumador de Cor,Perfumador de Cor
470,AK2075,Perfumador Dourado,Perfumador Dourado
475,AK1814,Perfumador Rosa,Perfumador Rosa
468,AK2216,Perfumador Rosa Claro,Perfumador Rosa Claro
702,P001,Pergaminho Prata Batismo,"Pergaminho Prata Batismo, dimensões 21x21"
791,B7735,Pingente para Telemóvel,Pingente para Telemóvel
1135,A431T/50,Placa c/Suporte Casamento,Placa c/Suporte Casamento
1132,B1382T,Placa c/Suporte Casamento,Placa c/Suporte Casamento 10X15
1134,A422T,Placa c/Suporte Casamento,Placa c/Suporte Casamento 10x15
1133,A421T/25,Placa c/Suporte Casamento 25 Anos,Placa c/Suporte Casamento 25 Anos 9x13
1131,B1372T/25,Placa c/Suporte Casamento 25 Anos p/Gravação,Placa c/Suporte Casamento 25 Anos p/Gravação
1063,P004P,Placa de Casamento,"Placa de Casamento de 25 e 50 Anos 10x14,5"
1061,P001G,Placa de Casamento de 50 anos,"Placa de Prata Casamento de 50 Anos 22x9, com 23 grs"
1396,A371T,Placa para Gravação,Placa para Gravação com dimensões 9 x 13
1129,B9105,Placa para gravação com madeira,Placa para gravação com madeira 21x15
1130,B9106,Placa para gravação com madeira,Placa para gravação com madeira 21x15
1128,B9102,Placa para gravação com madeira,Placa para gravação com madeira 20x15
290,P56/9031,Placa Prata Oval para Gravação,Placa prata oval para gravação
285,P50/0401,Placa Prata Rectangular com Madeira,Placa prata rectangular com madeira. Espessura: 14 mm
287,P18/0710,Placa Prata Rectangular com Madeira,Placa prata rectangular com madeira
294,P56/9021,Placa Prata Rectangular Ondas para Gravação,Placa prata rectangular ondas para gravação
288,P50/0105,Placa Prata Rectangular Parafusos com Madeira,Placa prata rectangular parafusos com madeira
291,P56/9001,Placa Prata Rectangular para Gravação,Placa prata rectangular para gravação
292,P56/9003,Placa Prata Rectangular para Gravação,Placa prata rectangular para gravação
289,P56/9040,Placa Prata Rectangular para Gravação,Placa prata rectangular para gravação
293,P56/9010,Placa Prata Rectangular Picotada para Gravação,Placa prata rectangular picotada para gravação
600,B40/0134,Porta Canetas,"Porta Canetas com dimensões 7x7x9,5"
161,P7510,Porta Canetas com Relógio,"Porta Canetas com Relógio com dimensões 11,5x9"
601,B40/0136,Porta Cartas,"Porta Cartas com dimensões 22,5x8x5"
859,R704,Porta Chaves,Conjunto de 4 porta-chaves
920,B6728,Porta Chaves Comunhão,Porta Chaves Comunhão
921,B6740,Porta Chaves Comunhão,Porta Chaves Comunhão
881,B6727,Porta Chaves Comunhão,Porta Chaves Comunhão
790,B7733,Porta Chaves Macaco,Porta Chaves Macaco
789,B7734,Porta Chaves Urso,Porta Chaves Urso
1170,A237PA,Porta Chupeta,Porta Chupeta Azul
1313,B3619PRO,Porta Chupeta,Porta Chupeta Rosa
1252,A958PAZ,Porta Chupeta,Porta Chupeta PVD Azul
1334,B3072,Porta Chupeta,Porta Chupeta
1141,A231P,Porta Chupeta,Porta Chupeta PVD
1332,B2381PBR,Porta Chupeta,Porta Chupeta Branco
1307,B3144PBR,Porta Chupeta,Porta Chupeta Branco
1291,A938,Porta Chupeta,Porta Chupeta
1243,A861,Porta Chupeta,Porta Chupeta
1235,A755,Porta Chupeta,Porta Chupeta
1246,A902,Porta Chupeta,Porta Chupeta
1226,A3463/01B,Porta Chupeta,Porta Chupeta PVD
1219,A3233/01R,Porta Chupeta,Porta Chupeta PVD Rosa
1218,A3233/01C,Porta Chupeta,Porta Chupeta PVD Azul
1286,A932PRO,Porta Chupeta,Porta Chupeta PVD Rosa
1174,A237PR,Porta Chupeta,Porta Chupeta Rosa
1350,B3679PBR,Porta Chupeta,Porta Chupeta Branco
1160,A236PR,Porta Chupeta,Porta Chupeta Rosa
696,B2731PBR,Porta-chupeta Batismo,Porta-chupeta Batismo
682,A926PBR,Porta-chupeta Batismo,Porta-chupeta Batismo
698,B2899BR,Porta-chupeta Batismo,Porta-chupeta Batismo
722,B3737BR,Porta-chupeta bilaminado,Porta-chupeta bilaminado
284,P21/0002C,Porta Chupeta Prata Infantil,Porta chupeta prata infantil
1378,B2363BR,Porta-Chupetas Borboletas,Porta-Chupetas Borboletas
1373,B2373PSAZ,Porta-Chupetas Urso,Porta-Chupetas Urso
1215,A3075,Porta Dentinho,Porta Dentinho
1230,A3465/06R,Porta Dentinho,"Porta Dentinho Madeira 6x5,5cm Rosa"
1229,A3465/06C,Porta Dentinho,"Porta Dentinho Madeira 6x5,5cm Azul"
1216,A3085,Porta Dentinho,Porta Dentinho
899,B6868,Porta iPad Pele c/Aplicação Bilaminado Comunhão,Porta iPad em Pele c/Aplicação de Bilaminado. Imagem de Comunhão e Crisma 
562,B43736,Porta Lápis com Música,Porta Lápis com Música
968,B584B,Porta Retrato,Porta Retrato 13x18
1005,A301A,Porta Retrato,Porta Retrato
1007,A308A,Porta Retrato,Porta Retrato 18x24 Larg.5cm
1004,A353A,Porta Retrato,Porta Retrato
1006,A323A,Porta Retrato,"Porta Retrato 18x24 Larg.2,5cm"
187,"",Porta Retrato,Bilaminado porta retrato criança
1030,A9070/18,Porta Retrato,
969,B585B,Porta Retrato,Porta Retrato 13x18
1028,A148,Porta Retrato,Porta Retrato de Aniversário de Casamento 
1023,A124,Porta Retrato,Porta Retrato c/Alianças Douradas 50/25 Anos 10x15
1029,A9070/13,Porta Retrato,
1036,A9230/13,Porta Retrato,
1037,A9230/18,Porta Retrato,
1058,B6000/18,Porta Retrato,Porta Retrato 25 Anos 18x24
1059,B6001/13,Porta Retrato 50 Anos,Porta Retrato 50 Anos
1095,AE6471/13,Porta Retrato Aniversário Casamento,Retrato c/Motivos
1149,A234BAZ,Porta Retrato Anjo,Porta Retrato Anjo PVD 13x18 Azul
1298,AE2001,Porta Retrato Anjo,Porta Retrato Anjo
1148,A234BRO,Porta Retrato Anjo,Porta Retrato Anjo PVD 13x18 Rosa
1233,A3610,Porta Retrato Anjo da Guarda,Porta Retrato Anjo da Guarda
1022,A122B,Porta Retrato Árvore da Vida,Porta Retrato Árvore da Vida 13x18 Larg.4cm
1033,A9120/18,Porta Retrato Árvore da Vida,
1032,A9120/13,Porta Retrato Árvore da Vida,Porta Retrato Árvore da Vida
1039,A9240/13C,Porta Retrato Árvore da Vida Casamento 50 Anos,Porta Retrato Árvore da Vida Casamento 50 Anos
967,A2270,Porta Retrato Árvore da Vida PVD,Porta Retrato Árvore da Vida PVD
709,A260,Porta Retrato Batismo,Porta Retrato Batismo
675,A224,Porta Retrato Batismo,Porta Retrato Batismo
676,A226,Porta Retrato Batismo,Porta Retrato Batismo P.Cunha
721,B3561DAZ,Porta Retrato Batismo Bilaminado,Porta Retrato 8x12 Azul
691,B2730,Porta Retrato Batismo Bilaminado,Porta Retrato Batismo
688,B2880E,Porta Retrato Batismo Bilaminado,Porta Retrato 6x9
693,B2896D,Porta Retrato Batismo Bilaminado,Porta Retrato 9x13
692,B2895D,Porta Retrato Batismo Bilaminado,Porta Retrato 9x13
714,B3790DL,Porta Retrato Batismo Bilaminado,Porta Retrato 13x9
715,B3791,Porta Retrato Batismo Bilaminado,Porta Retrato Batismo
713,B3790BL,Porta Retrato Batismo Bilaminado,Porta Retrato 13x18
685,B2701D,Porta Retrato Batismo Bilaminado,Porta Retrato 9x13
686,B2710D,Porta Retrato Batismo Bilaminado,Porta Retrato 9x13
687,B2859DL,Porta Retrato Batismo Bilaminado,Porta Retrato 9x13
689,B2393,Porta Retrato Batismo Bilaminado,Porta Retrato 13x13
690,B2395,Porta Retrato Batismo Bilaminado,Porta Retrato batismo
684,B2713D,Porta Retrato Batismo Bilaminado,Porta Retrato 9x13
673,A267M,Porta Retrato Batismo c/Madeira,Porta Retrato Batismo c/Madeira
674,A224MB,Porta Retrato Batismo Madeira PVD,Porta Retrato Madeira PVD 13x18
707,A6090,Porta Retrato Batismo PVD,Porta Retrato Batismo PVD
708,A6030,Porta Retrato Batismo PVD,Porta Retrato Batismo PVD
706,A6000,Porta Retrato Batismo PVD,Porta Retrato Batismo PVD
672,A266,Porta Retrato Batismo PVD,Porta Retrato Batismo
678,A225,Porta Retrato Batismo PVD,Porta Retrato Batismo PVD
705,A6080,Porta Retrato Batismo PVD,Porta Retrato Batismo PVD
978,B1408A,Porta Retrato Bilaminado,Porta Retrato Bilaminado
979,B1407A,Porta Retrato Bilaminado,Porta Retrato Bilaminado
989,B16/8026,Porta Retrato Bilaminado,Porta Retrato Bilaminado 20x25 Larg.3cm
997,B1307N,Porta Retrato Bilaminado,Porta Retrato Bilaminado 20x25
995,B1326A,Porta Retrato Bilaminado,Porta Retrato Bilaminado 18x24 Larg.2cm
980,B5781A,Porta Retrato Bilaminado,Porta Retrato Bilaminado 18x18 Larg.5cm
996,B1327A,Porta Retrato Bilaminado,Porta Retrato Bilaminado 18x24
987,B8118B,Porta Retrato Bilaminado,Porta Retrato Bilaminado
977,B1406A,Porta Retrato Bilaminado,Porta Retrato Bilaminado 20x20
986,B1376A,Porta Retrato Bilaminado,Porta Retrato Bilaminado
1045,B10871C/50,Porta Retrato Bilaminado Casamento/50 anos,Porta Retrato Bilaminado Casamento/50 anos
982,B1314AL,Porta Retrato Bilaminado Liso,"Porta Retrato Bilaminado Liso 18x24 Larg.1,5cm"
985,B1637A,Porta Retrato Bilaminado Margaritas,Porta Retrato Bilaminado Margaritas
993,B1299S,Porta Retrato Bilaminado Martelado,"Porta Retrato Bilaminado Martelado 15x20 Larg.1,5cm"
990,B5683N,Porta Retrato Bilaminado Martelado,"Porta Retrato Bilaminado Martelado 20x25 Larg.3,5cm"
994,B1298S,Porta Retrato Bilaminado Martelado,"Porta Retrato Bilaminado Martelado 15x20 Larg.1,5cm"
983,B1316NL,Porta Retrato Bilaminado Martelado,Porta Retrato Bilaminado Martelado
981,B1624A,Porta Retrato Bilaminado Martelado,Porta Retrato Bilaminado Martelado
991,B1600A,Porta Retrato Bilaminado Martelado Forte,"Porta Retrato Bilaminado Martelado Forte 18x24 Larg.3,9cm"
998,B1506/4,Porta Retrato Bilaminado Martelado para 4 Fotos,"Porta Retrato Bilaminado Martelado para 4 Fotos 9x13 Larg.1,8cm"
992,B1699A,Porta Retrato Bilaminado Ondas do Mar,Porta Retrato Bilaminado Ondas do Mar
984,B5587D,Porta Retrato Bilaminado Rombus,Porta Retrato Bilaminado Rombus
1278,A287,Porta Retrato Cão,Porta Retrato Cão 27x18/9x13
1051,B1380C/00,Porta Retrato Casamento,Porta Retrato de Casamento em Bilaminado com Alianças - 10x15
1055,B26/4780,Porta Retrato Casamento 25 Anos c/Alianças,Porta Retrato Casamento 25 Anos c/Alianças e 25° 18x24
1034,A9150/10,Porta Retrato Casamento Alianças PVD,Porta Retrato Casamento Alianças PVD
1035,A9150/15A,Porta Retrato Casamento Alianças PVD,Porta Retrato Casamento Alianças PVD
1297,AE2000,Porta Retrato Cegonha,Porta Retrato Cegonha
867,A268M,Porta Retrato com Madeira Comunhão,Porta Retrato com Madeira Comunhão
869,A265,Porta Retrato com Madeira Comunhão Larg.2cm,Porta Retrato com Madeira Comunhão Larg.2cm
868,A259,"Porta Retrato com Madeira Comunhão Larg.3,5cm","Porta Retrato com Madeira Comunhão Larg.3,5cm"
988,B1385A,Porta Retrato com Parafusos,Porta Retrato com Parafusos
1003,AE6202/13,Porta Retrato Corações PVD,Porta Retrato Corações PVD 13x18
1143,A231B,Porta Retrato Criança,Porta Retrato Criança PVD 13x18
1157,A236C,Porta Retrato Criança,Porta Retrato Criança 10x15 Branco
1139,A211CR,Porta Retrato Criança,Porta Retrato Criança 10x15 Rosa
1144,A231C,Porta Retrato Criança,Porta Retrato Criança PVD 10x15
1240,A770,Porta Retrato Criança,Porta Retrato Criança
1303,B2980BL,Porta Retrato Criança,Porta Retrato Criança Funny Little Stars 13x18
1304,B2981,Porta Retrato Criança,Porta Retrato Criança
1255,AE2004,Porta Retrato Criança,Porta Retrato Criança
1152,A236BR,Porta Retrato Criança,Porta Retrato Criança 13x18 Rosa
1214,A274C,Porta Retrato Criança,Porta Retrato Criança PVD 10x15
1207,A273C,Porta Retrato Criança,"Porta Retrato Criança PVD 10x15 Larg.3,5cm"
1201,A272CRO,Porta Retrato Criança,Porta Retrato Criança PVD 10x15 Rosa
1203,A272CAZ,Porta Retrato Criança,Porta Retrato Criança PVD 10x15 Azul
1199,A272C,Porta Retrato Criança,Porta Retrato Criança PVD 10x15 Branco
1242,A860,Porta Retrato Criança,Porta Retrato Criança
1154,A236BA,Porta Retrato Criança,Porta Retrato Criança 13x18 Azul
1309,B3516,Porta Retrato Criança,Porta Retrato Criança
1206,A273B,Porta Retrato Criança,"Porta Retrato Criança PVD 13x18 Larg.3,5cm"
1202,A272BAZ,Porta Retrato Criança,Porta Retrato Criança PVD 13x18 Azul
1200,A272BRO,Porta Retrato Criança,Porta Retrato Criança PVD 13x18 Rosa
1194,A271CRO,Porta Retrato Criança,"Porta Retrato Criança PVD 10x15 Larg.3,5cm Rosa"
1192,A271CAZ,Porta Retrato Criança,"Porta Retrato Criança PVD 10x15 Larg.3,5cm Azul"
1198,A272B,Porta Retrato Criança,Porta Retrato Criança PVD 13x18 Branco
1258,B3081BL,Porta Retrato Criança,Porta Retrato Criança Bilaminado 13x18
1191,A271BAZ,Porta Retrato Criança,"Porta Retrato Criança PVD 13x18 Larg.3,5cm Azul"
1193,A271BRO,Porta Retrato Criança,"Porta Retrato Criança PVD 13x18 Larg.3,5cm Rosa"
1155,A236CA,Porta Retrato Criança,Porta Retrato Criança 10x15 Azul
1153,A236CR,Porta Retrato Criança,Porta Retrato Criança 10x15 Rosa
1184,A263,Porta Retrato Criança,Porta Retrato Criança
1183,A262,Porta Retrato Criança,Porta Retrato Criança
1182,A261,Porta Retrato Criança,Porta Retrato Criança
1166,A237BA,Porta Retrato Criança,Porta Retrato Criança 13x18 Azul
1168,A237BR,Porta Retrato Criança,Porta Retrato Criança 13x18 Rosa
1167,A237DA,Porta Retrato Criança,Porta Retrato Criança 9x13 Azul
1169,A237DR,Porta Retrato Criança,Porta Retrato Criança 9x13 Rosa
1290,A936,Porta Retrato Criança,Porta Retrato Criança
1181,A258,Porta Retrato Criança,Porta Retrato Criança
1178,A238,Porta Retrato Criança,Porta Retrato Criança
1251,A956BLRO,Porta Retrato Criança,Porta Retrato Criança PVD 13x18 Rosa
1245,A900,Porta Retrato Criança,Porta Retrato Criança
1256,AE2039,Porta Retrato Criança,Porta Retrato Criança
1257,B3080BLAZ,Porta Retrato Criança,Porta Retrato Criança Bilaminado 13x18 Azul
1259,B3083SRO,Porta Retrato Criança,Porta Retrato Criança Rosa
1250,A930,Porta Retrato Criança,Porta Retrato Criança
1260,B3090/RO,Porta Retrato Criança,Porta Retrato Criança Rosa
1261,B3090CAZ/CRO,Porta Retrato Criança,Porta Retrato Criança Azul/Rosa
1301,B2073,Porta Retrato Criança,Porta Retrato Criança
1300,B2003,Porta Retrato Criança,Porta Retrato Criança
1156,A236B,Porta Retrato Criança,Porta Retrato Criança 13x18 Branco
1263,B3120,Porta Retrato Criança,Porta Retrato Criança
1262,B3096,Porta Retrato Criança,Porta Retrato Criança
1264,B3150BL,Porta Retrato Criança,Porta Retrato Criança Bilaminado 13x18
1241,A784,Porta Retrato Criança,Porta Retrato Criança
1138,A210,Porta Retrato Criança,Porta Retrato Criança
1137,A205,Porta Retrato Criança,Porta Retrato Criança
1140,A212,Porta Retrato Criança,Porta Retrato Criança
1179,A250,Porta Retrato Criança Madeira,Porta Retrato Criança Madeira
1136,A202,Porta Retrato Criança Madeira,Porta Retrato Criança Madeira
1266,B3751MCRO,Porta Retrato Criança Madeira,Porta Retrato Criança Madeira 10x15 Rosa
1234,A403,Porta Retrato Criança Madeira,Porta Retrato Criança Madeira
1180,A252,Porta Retrato Criança Madeira,Porta Retrato Criança Madeira
1267,B3751MBRO,Porta Retrato Criança Madeira,Porta Retrato Criança Madeira 13x18 Rosa
1270,B3753,Porta Retrato Criança Madeira,Porta Retrato Criança Madeira
1271,B3754M,Porta Retrato Criança Madeira,Porta Retrato Criança Madeira
1269,B3752MCAZ,Porta Retrato Criança Madeira,Porta Retrato Criança Madeira 10x15 Azul
1217,A3230,Porta Retrato Elefante,Porta Retrato Elefante
1268,B3752CAZ,Porta Retrato Elefante,Porta Retrato Elefante 10x15 Azul
1265,B3751CRO,Porta Retrato Elefante,Porta Retrato Elefante 10x15 Rosa
1276,A286,Porta Retrato Gato,Porta Retrato Gato 27x18/9x13
976,A135A,Porta Retrato Linha Liso,Porta Retrato Linha Liso
975,A134A,Porta Retrato Linha Martelada,Porta Retrato Linha Martelada
441,P1898B,Porta Retrato Liso,Porta retrato prata 925 retangular liso &nbsp;. Espessura: 11 mm
974,A1190,Porta Retrato Liso c/Picotado,Porta Retrato Liso c/Picotado
999,AE6024,Porta Retrato Liso c/Relevo PVD,Porta Retrato Liso c/Relevo PVD
973,A2010,Porta Retrato Liso PVD,Porta Retrato Liso PVD
971,A2060,Porta Retrato Liso PVD,Porta Retrato Liso PVD
972,A1030,Porta Retrato Liso PVD,Porta Retrato Liso PVD
1000,AE6208,Porta Retrato Martelado PVD,Porta Retrato Martelado PVD
1011,AE6019,Porta Retrato Martelado PVD,Porta Retrato Martelado PVD
1275,A239,Porta Retrato Nascimento,Porta Retrato Nascimento
1359,A241,Porta Retrato Nascimento,Porta Retrato Nascimento
738,B2664DL,Porta Retrato Nascimento Bilaminado,Porta Retrato 9x13
737,B2664BL,Porta Retrato Nascimento Bilaminado,Porta Retrato 13x18
736,B2668DL,Porta Retrato Nascimento Bilaminado,Porta Retrato 9x13
729,B17/1282,Porta Retrato Nascimento Bilaminado,Porta Retrato int.9x9 ext.22x17
730,B17/1283,Porta Retrato Nascimento Bilaminado Azul,Porta Retrato 6x9 Azul
202,P16/0510,Porta Retrato Oval Flores,Porta retrato em prata 925 oval flores. Espessura: 8 mm
199,P16/0410,Porta Retrato Oval Liso,"Porta retrato em prata 925, oval liso. Espessura: 8 mm"
205,P15/0300,Porta Retrato Prata Retangular Liso,"Porta retrato em prata 925, retangular liso. Espessura: 14 mm"
1002,AE6434,Porta Retrato PVD,Porta Retrato PVD
1008,AE6008,Porta Retrato PVD,Porta Retrato PVD
970,A120,Porta Retrato PVD,Porta Retrato PVD
1009,AE6018,Porta Retrato PVD,Porta Retrato PVD
1012,AE6022,Porta Retrato PVD,Porta Retrato PVD
1010,AE6206/20,Porta Retrato PVD,Porta Retrato PVD 20x25 Larg.3cm
1041,AE6518/13,Porta Retrato PVD 25 Anos,Porta Retrato PVD 25 Anos
1042,AE6519/13,Porta Retrato PVD 50 Anos,Porta Retrato PVD 50 Anos
194,P45/0105,Porta Retrato Rectangular Parafusos,Moldura prata rectangular com motivos de parafusos. Espessura: 16 mm
195,P14/0210,Porta Retrato Redonda Lisa,Porta retrato em prata 925 redonda lisa. Espessura: 7 mm
198,P14/0622,Porta Retrato Redondo Grega,"Porta retrato em prata 925, redondo, estilo grega"
196,P14/8210,Porta Retrato Redondo Picotado,"Porta retrato em prata 925, redondo, picotado. Espessura: 7 mm"
440,P1896B,Porta Retrato Retangular,"Porta retrato em prata 925 ,retangular, liso, plano com cantos arredondados"
208,P15/0609,Porta Retrato Retangular,"Porta retrato em prata 925, retangular com pontos achatados"
145,P15/0617M,Porta Retrato Retangular,"Porta retrato em prata 925, retangular, com efeito mate, medida de fotografia"
433,P15/0432,Porta Retrato Retangular Clássica Lisa,"Porta retrato em prata 925, retangular lisa. Espessura: 17 mm"
222,P15/0442,Porta Retrato Retangular Clássica Picotada,"Porta retrato em prata 925, picotado retangular. Espessura: 17 mm"
254,P15/0630,Porta Retrato Retangular com Flores,"Porta retrato em prata 925, retangular com flores. Espessura: 22 mm"
259,P15/0505,Porta Retrato Retangular Concha,"Porta retrato em prata 925, retangular concha. Espessura: 11 mm"
212,P15/03002,Porta Retrato Retangular Dupla Lisa,"Porta retrato em prata 925, dupla, lisa. Tamanho: 6 x 9, Espessura: 14 mm"
183,P15/0171,Porta Retrato Retangular Flores,"Porta retrato em prata 925, retangular com flores"
232,P15/0206,Porta Retrato Retangular Folha,Porta retrato em prata 925. retangular com folha. Espessura: 11 mm
444,P15/0215,Porta Retrato Retangular Folha,Porta retrato em prata 925. retangular com folha
221,P15/0604,Porta Retrato Retangular Lisa,"Porta retrato em prata 925, liso retangular. Espessura: 22 mm"
185,P15/0401,Porta Retrato Retangular Lisa,"Porta retrato em prata 925, retangular liso. Espessura: 18 mm"
204,P15/0270,Porta Retrato Retangular Lisa,"Porta retrato em prata 925, retangular, liso. Espessura: 11 mm"
246,P15/0640,Porta Retrato Retangular Nós,Porta retrato em prata 925 retangular com motivos de nós. Espessura: 22 mm
249,P15/0134,Porta Retrato Retangular Palmeira,"Porta retrato em prata 925, retangular, palmeira"
432,P15/0333,Porta Retrato Retangular Palmeiras,"Porta retrato em prata 925, retangular com palmeiras. Espessura: 17 mm"
216,P15/8301,Porta Retrato Retangular Picotada,Porta retrato em prata 925 retangular picotada. Espessura: 14 mm
211,P15/83002,Porta Retrato Retangular Picotada Dupla/tripla,Porta retrato em prata 925 retangular picotada dupla e tripla
236,P15/0309G,Porta Retrato Retangular Rombos,Porta retrato em prata 925 retangular com rombos
184,P15/0107,Porta Retrato Retangular Rosas,"Porta retrato em prata 925, retangular, rosas. Espessura: 14 mm"
443,P15/0100,Porta Retrato Retangular Rosas,"Porta retrato em prata 925, retangular com rosas. Espessura: 11 mm"
234,P15/0236,Porta Retrato Retangular Rosinhas,Porta retrato em prata 925. retangular com rosinhas. Espessura: 11 mm
213,P15/03003,Porta Retrato Retangular Tripla Lisa,"Porta retrato em prata 925, tripla, lisa. Tamanho: 6 x 9, Espessura: 14 mm"
167,P15/01913,Porta Retrato Triplo Conchas,"Porta retrato em prata 925, tripla com conchas"
1273,A285,Porta Retrato Urso,Porta Retrato Urso Ext.27x18 Int.9x13
1225,A3460/10B,Porta Retrato Urso,"Porta Retrato Urso PVD 10x15 Larg.2,3cm"
861,A7015/01,Porta Rosário Comunhão Madeira,"Porta Rosário Comunhão Madeira 8x8x3,5"
860,A7036/01,Porta Rosário Comunhão Madeira,"Porta Rosário Comunhão Madeira 8x8x3,5"
863,A7035/01,Porta Rosário Comunhão Pele,"Porta Rosário Comunhão Pele 7,5x7,5x3,5"
862,A7016/01,Porta Rosário Comunhão PVD Pele,"Porta Rosário Comunhão PVD Pele 7,5x7,5x1,5"
472,B090379,Porta Vela Perfumada,Porta Vela Perfumada
428,P1654,Porta Vela Prata,Porta vela prata | alt. 12cm base 7cm
426,P1508,Porta Vela Prata,Porta vela prata | alt. 8cm base 10cm
427,P1653,Porta Vela Prata,Porta vela prata | alt. 11cm base 10cm
808,BA4787M,Porta Velas,Porta velas com riscas
148,P02/3000,Porta Velas com Prata,Porta velas com prata
317,P02/3120,Porta Velas Madeira com Prata,20cm
315,P02/3107,Porta Velas Madeira com Prata,Porta velas madeira com prata
314,P02/3207,Porta Velas Madeira com Prata,Porta velas madeira com prata
316,P02/3100,Porta Velas Madeira com Prata,Porta velas madeira com prata
801,BA1227M,Porta velas quadrado,"Porta velas quadrado ondulado com dimensões 9,5X25"
800,BA1225M,Porta velas redondo,"Porta velas redondo ondulado com dimensões 10X21,5"
322,P58/1200B,Prata Album Criança,Prata album criança. Tamanho: 20 x 15
325,P58/1230R,Prata Album Criança,Prata album criança. Tamanho: 20 x 15
324,P58/1220B,Prata Album Criança,Prata album criança. Tamanho: 20 x 15
323,P58/1210R,Prata Album Criança,Prata album criança. Tamanho: 20 x 15
172,P17/3097,Prata Bandeja Cristal Aperitivos,Prata bandeja cristal aperitivos
170,P17/3095,Prata Bandeja Cristal Aperitivos,Prata bandeja cristal para aperitivos
171,P17/3096,Prata Bandeja Cristal Aperitivos,Prata bandeja cristal para aperitivos
152,P17/3094,Prata Bandeja Cristal Aperitivos,Prata bandeja cristal para aperitivos
157,P4007/C,Prata Base para Garrafa,Prata base para garrafa
173,P04007,Prata Base para Garrafa,Prata base para garrafa
158,P1673,Prata Base para Garrafa e Copos,"Prata base para garrafa, com bases de cortiça para copos"
1651,PB2996,Prata brinco fecho omega,"Prata brinco com fecho omega , zircoes "
154,P496F.196,Prata Caixa Charutos,Prata caixa charutos madeira
439,PF460G,Prata Caneta,Caneta de prata com acabamentos em granitado 
169,PS972,Prata Conjunto Escova e Espelho,Prata conjunto escova e espelho
151,P48BL,Prata Conjunto Escova e Espelho,Prata conjunto escova e espelho
431,PS971,Prata Espelho,Prata espelho
430,PS951,Prata Espelho,"Prata espelho, forma oval, prata lisa"
437,P88,Prata Espelho Pente Bolso,Prata espelho pente bolso
164,P89,Prata Espelho Pente Bolso,Prata espelho pente bolso
436,P259,Prata Foco,Prata foco
438,P60GHO.9,Prata Imagem,Prata imagem nossa senhora com menino. para parede ou movél
435,P903,Prata Lupa,Prata lupa | 12cm
321,P12/0056,Prata Marcador de Livro,Prata marcador de livro. Tamanho: 3 x 8
153,,PRATA PEÇA DECORATIVA CRISTAL,PRATA PEÇA DECORATIVA CRISTAL COM D.28CM
286,P18/0801,Prata Placa Rectangular Pergaminho com Madeira,Prata placa rectangular pergaminho com madeira
434,P4801,Prata Porta Cartas,Prata porta cartas com 2 grs.
163,P3563,Prata Porta Cd,"Prata porta cd ,5 pele"
156,P506,Prata Porta Charuto,Prata porta charuto
155,P507,Prata Porta Cigarreira,Prata porta cigarreira
327,P07/1213,Prata Relógio Despertador Capela,Prata relógio despertador capela | modelo: capela
326,P07/0201,Prata Relógio Despertador Capela,Prata relógio despertador capela | modelo: capela rosinhas
336,P07/9221,Prata Relógio Despertador Capela com Pêndulo Picotado,Prata relógio despertador capela com pêndulo picotado
335,P07/1220,Prata Relógio Despertador Capela Picotado,"Prata relógio despertador capela picotado. Tamanho: 6 x 9, Espessura: 11 mm"
333,P07/1203,Prata Relógio Despertador Capela Rosinhas,Prata relógio despertador capela rosinhas
328,P06/0411,Prata Relógio Despertador Oval Liso,Prata relógio despertador oval liso | acabamento: oval liso
329,P06/0810,Prata Relógio Despertador Oval Picotado,"Prata relógio despertador oval picotado. Acabamento: Oval Picotado, Espessura: 7 mm"
337,P43/0304,Prata Relógio Despertador Rectangular,Prata relógio despertador rectangular
338,P43/404,Prata Relógio Despertador Rectangular,Prata relógio despertador rectangular
334,P47/0460,Prata Relógio Despertador Rectangular,Prata relógio despertador rectangular
332,P47/9470,Prata Relógio Despertador Rectangular com Pêndulo,Prata relógio despertador rectangular com pêndulo. Espessura: 14 mm
330,P47/9531,Prata Relógio Despertador Rectangular com Pêndulo Cruzes,Prata relógio despertador rectangular com pêndulo cruzes
331,P47/9801,Prata Relógio Despertador Rectangular com Pêndulo Picotado,Prata relógio despertador rectangular com pêndulo picotado
608,B17/3357,Prato Casamento 50 Anos Bilaminado,Prato Casamento 50 Anos Bilaminado com dimensões Diam.30
429,P33TR.27,Prato Decorativo,Prato decorativo em vidro com prata
865,A7010,P.Retrato Comunhão PVD,P.Retrato Comunhão PVD
866,A7030/10,"P.Retrato Comunhão PVD Largura 2,3cm","P.Retrato Comunhão PVD Largura 2,3cm 10X15"
918,PP2726,Pulseira Dezena Prata,Pulseira Dezena Prata 2mm
915,PP5322,Pulseira Dezena Prata,Pulseira Dezena Prata 3mm
916,PP5321,Pulseira Dezena Prata,"Pulseira Dezena Prata 3,5mm"
945,B38/5129,Quadro Bilaminado,"Quadro Bilaminado Ext.52,5x42, Int.34x24"
960,B27/6480,Quadro Bilaminado,Quadro Bilaminado Anjos
950,B15/5260,Quadro Bilaminado,"Quadro Bilaminado 38x34,5"
937,B38/5112,Quadro Bilaminado,"Quadro Bilaminado Int.27x34, Ext.43x50"
965,B15/5231,Quadro Bilaminado,"Quadro Bilaminado Ext.55x52, Int.37x33"
964,B15/5229,Quadro Bilaminado,"Quadro Bilaminado Ext.55x52, Int.37x33,5"
963,B15/5178,Quadro Bilaminado,"Quadro Bilaminado Ext.55x52, Int.38x34,5"
936,B15/5265,Quadro Bilaminado Nossa Senhora,Quadro Bilaminado Nossa Senhora
961,B38/5126,Quadro Imagem de Anjos,"Quadro Madeira c/Imagem de Anjos em Bilaminado Ext.52,5x42, Int.34x24"
951,B1564M,Quadro Madeira c/Imagem Sagrada Família Bilaminado,"Quadro Madeira c/Imagem Sagrada Família Bilaminado Int.12x17, Ext.34x29"
902,B10682,Recordação de Comunhão,Recordação de Comunhão 10X10 de exposição
901,B10687,Recordação de Comunhão,Recordação de Comunhão 9X13
900,B10689,Recordação de Comunhão,Recordação de Comunhão 10X13 de exposição
903,B10683,Recordação de Comunhão,Recordação de Comunhão 10X10 de exposição
885,B1898-04G,Recordação de Comunhão,"Bibelot de Comunhão 5,5x10 cm"
792,B7760,Relógio de bolso com caixa,Relógio de bolso com caixa 10X8X4
1094,AE6440/13,Retrato Casamento/25 e 50 Anos,Retrato Casamento/25 e 50 Anos
464,BA1765,Rosa Dourada,Rosa Dourada
466,BA2058,Rosa Perfumadora Mini,Rosa Perfumadora Mini
463,BA1847,Rosa Perfumadora Prata,Rosa Perfumadora Prata
1344,B3540SBR,Saco Porta Chupeta,Saco Porta Chupeta Branco
1287,A933,Saco Porta Chupeta,Saco Porta Chupeta
1247,A903,Saco Porta Chupeta,Saco Porta Chupeta
1280,A787SAZ,Saco Porta Chupeta,Saco Porta Chupeta Azul
1305,B3115SAZ,Saco Porta Chupeta,Saco Porta Chupeta Azul
1329,A966SAZ,Saco Porta Chupeta,Saco Porta Chupeta Azul
1338,B3125,Saco Porta Chupeta,Saco Porta Chupeta
1343,B3534SBR,Saco Porta Chupeta,Saco Porta Chupeta Branco
1333,B2382SBR,Saco Porta Chupeta,Saco Porta Chupeta Branco
1236,A756,Saco Porta Chupeta,Saco Porta Chupeta
1335,B3073SRO,Saco Porta Chupeta,Saco Porta Chupeta Rosa
1227,A3463/02B,Saco Porta Chupeta,Saco Porta Chupeta PVD
1340,B3155BR,Saco Porta Chupeta,Saco Porta Chupeta Branco
1221,A3233/02R,Saco Porta Chupeta,Saco Porta Chupeta PVD Rosa
1317,B3660SBR,Saco Porta Chupeta,Saco Porta Chupeta Branco
1220,A3233/02C,Saco Porta Chupeta,Saco Porta Chupeta PVD Azul
1320,B3984,Saco Porta Chupeta,Saco Porta Chupeta
1347,B3640,Saco Porta Chupeta,Saco Porta Chupeta
1351,B3680SBR,Saco Porta Chupeta,Saco Porta Chupeta Branco
1173,A237SR,Saco Porta Chupeta,Saco Porta Chupeta Rosa
1172,A237SA,Saco Porta Chupeta,Saco Porta Chupeta Azul
1159,A236SR,Saco Porta Chupeta,Saco Porta Chupeta Rosa
1158,A236SA,Saco Porta Chupeta,Saco Porta Chupeta Azul
1308,B3145SBR,Saco Porta Chupeta,Saco Porta Chupeta Branco
1321,B4422,Saco Porta Chupeta,Saco Porta Chupeta
1244,A862,Saco Porta Chupeta,Saco Porta Chupeta
1327,A856,Saco Porta Chupeta,Saco Porta Chupeta
1283,A794SBR,Saco Porta Chupeta,Saco Porta Chupeta Branco
1292,A939,Saco Porta Chupeta,Saco Porta Chupeta
929,BA3290MO,Sagrada Família,Sagrada Família h.13cm
927,A949MO,Sagrada Família,Sagrada Família 15xh.30cm
928,A1434MO,Sagrada Família,"Sagrada Família 10,5xh.19,5cm"
1072,P2715,Salva de Prata,Salva de Prata
802,BA1975-03,Salva-Gotas,Salva Gotas
368,P01/1702B,Salva Prata Rectangular,Salva prata rectangular
371,P74861,Salva Prata Rectangular,"Salva prata rectangular, rebordo com motivos flores. Tamanho: 20 x 15"
374,P74866,Salva Prata Rectangular,Salva prata rectangular
367,P41/0302,Salva Prata Rectangular,Salva prata rectangular
372,P01/2701,Salva Prata Rectangular,Salva prata rectangular
373,P74890,Salva Prata Rectangular,Salva prata rectangular
376,P74875,Salva Prata Rectangular,Salva prata rectangular
149,P01/0403,Salva Prata Rectangular,Salva prata rectangular
366,P01/0701,Salva Prata Rectangular Lisa,"Salva prata rectangular lisa, cantos arredondados"
377,P74892,Salva Prata Rectangular Lisa,Salva prata rectangular lisa
369,P01/0602,Salva Prata Rectangular Lisa,Salva prata rectangular lisa
375,P74893,Salva Prata Redonda,Salva prata redonda estilo inglês | fundo d.8cm total d.10cm.
930,BN700XA,Santo António,Santo António
931,BN558,Santo António,Santo António
953,B1553,Santo António Bilaminado,Santo António Bilaminado
312,P02/4051,Solitário Madeira com Prata,Solitário madeira com prata | alt.24cm
313,P02/4052,Solitário Madeira com Prata,Solitário madeira com prata | alt.24cm
311,P02/4050,Solitário Madeira com Prata,Solitário madeira com prata | alt.22cm
1395,BA1974,Suporte c/Caneta Fim de Curso,Suporte c/Caneta Fim de Curso Tamanho H.11
631,B27/7259,Suporte em Vidro para Vela Bilaminado,Suporte para Vela com 30cm
303,P02/1060,Tabuleiro Madeira com Aplicação Prata,Tabuleiro madeira com aplicação prata
299,P02/1090,Tabuleiro Madeira com Aplicação Prata,Tabuleiro madeira com aplicação prata
298,P02/1080,Tabuleiro Madeira com Aplicação Prata,Tabuleiro madeira com aplicação prata
297,P02/1070,Tabuleiro Madeira com Aplicação Prata,Tabuleiro madeira com aplicação prata
304,P02/1065,Tabuleiro Madeira com Aplicação Prata,Tabuleiro madeira com aplicação prata
301,P02/1006,Tabuleiro Madeira com Aplicação Prata,Tabuleiro madeira com aplicação prata
302,P02/1030,Tabuleiro Madeira com Aplicação Prata,Tabuleiro madeira com aplicação prata. Tamanho: 15 x 15
300,P02/1003,Tabuleiro Madeira com Aplicação Prata,Tabuleiro madeira com aplicação prata
607,B9615/50,Taça Casamento 50 Anos,Taça Casamento 50 Anos com dimensões Alt.30
606,B9614/50,Taça Casamento 50 Anos,Taça Casamento 50 Anos com dimensões Alt.25
1330,B2087R,Talher Criança,Talher Criança Rosa
1205,A273T,Talher Criança,Talher Criança 2 Peças
1279,A768TBR,Talher Criança,Talher Criança PVD Branco
1326,A854RO,Talher Criança,Talher Criança Rosa
1352,B3682BR,Talher Criança,Talher Criança Branco
1248,A904RO,Talher Criança,Talher Criança Rosa
1325,A273RO,Talher Criança,Talher Criança Rosa
1282,A789,Talher Criança,Talher Criança
1284,A796TBR,Talher Criança,Talher Criança PVD Branco
1142,A231T,Talher Criança,Talher Criança PVD
1349,B3642AZ,Talher Criança,Talher Criança Azul
188,B3992RO,Talher de Criança colorido,Talheres de criança bilaminado
683,A929TBR,Talheres Batismo,Talheres Batismo
1371,B3992,Talheres Bebé,Talheres Bebé
1164,A236TR,Talheres Criança,Talheres Criança Rosa
1323,B4425,Talheres Criança,"Talheres Criança , garfo e colher com estojo"
1177,A237TR,Talheres Criança,Talheres Criança Rosa
1295,A961,Talheres Criança,Talheres Criança
1289,A935TRO,Talheres Criança,Talheres Criança PVD Rosa
1311,B3602BR,Talheres Criança,Talheres de criança branco colher e garfo com estojo
1176,A237TA,Talheres Criança,Talheres Criança Azul
1222,A3233/03C,Talheres Criança,Talheres Criança Garfo e Colher Azul
1223,A3233/03R,Talheres Criança,Talheres Criança Garfo e Colher Rosa
1189,A271T,Talheres Criança,Talheres com Estojo Criança PVD Branco
1163,A236TA,Talheres Criança,Talheres Criança Azul
1249,A905,Talheres Criança,Talheres criança colher e garfo com estojo
1188,A271TAZ,Talheres Criança,Talheres com Estojo Criança PVD Azul
1190,A271TRO,Talheres Criança,Talheres com Estojo Criança PVD Rosa
799,BA1002,Talheres de corte bolo,Talheres de corte bolo
1294,A941AZ,Talheres de Criança,Talheres de criança em PVD Azul
1367,B2217,Talheres Urso,Talheres Urso
564,BN4031,Urso com Música,Urso com Música Tamanho H.12xD.8
563,BN4030,Urso com Música,Urso com Música Tamanho H.12xD.8
742,PVQ2,Vela Prata,"Vela Quadrada de Batismo e Comunhão com 29cm. Argola de prata com 1,7cm


"
667,PVQ1,Vela Quadrada com Anjo Prata,"Vela Quadrada  de Batismo|Comunhão com ou sem Anjo e argola de largura 2,7 cm - com 11,3 grs."
668,PVELAMFQ,Vela Quadrada Prata,Vela Quadrada
670,PVR2A-P,Vela Redonda com Anjo + 3 Pérolas Prata,"Vela Redonda c/Anjo +3 Pérolas Alt.1,6cm Diam.3,5cm"
669,PVR2A,Vela Redonda com Anjo Prata,"Vela Redonda c/Anjo Alt.1,6cm Diam.3,5cm"
1423,PVR2,Vela Redonda Prata,"Vela Redonda Alt.1,6cm Diam.3,5cm"
